/*
SQLyog Community v12.4.0 (64 bit)
MySQL - 10.4.32-MariaDB : Database - db_toko
*********************************************************************
*/

/*!40101 SET NAMES utf8 */;

/*!40101 SET SQL_MODE=''*/;

/*!40014 SET @OLD_UNIQUE_CHECKS=@@UNIQUE_CHECKS, UNIQUE_CHECKS=0 */;
/*!40014 SET @OLD_FOREIGN_KEY_CHECKS=@@FOREIGN_KEY_CHECKS, FOREIGN_KEY_CHECKS=0 */;
/*!40101 SET @OLD_SQL_MODE=@@SQL_MODE, SQL_MODE='NO_AUTO_VALUE_ON_ZERO' */;
/*!40111 SET @OLD_SQL_NOTES=@@SQL_NOTES, SQL_NOTES=0 */;
CREATE DATABASE /*!32312 IF NOT EXISTS*/`db_toko` /*!40100 DEFAULT CHARACTER SET utf8mb4 COLLATE utf8mb4_general_ci */;

USE `db_toko`;

/*Table structure for table `barang` */

DROP TABLE IF EXISTS `barang`;

CREATE TABLE `barang` (
  `id_barang` int(11) NOT NULL AUTO_INCREMENT,
  `nama` varchar(100) DEFAULT NULL,
  `stok` int(11) DEFAULT NULL,
  `deskripsi` text DEFAULT NULL,
  `harga_beli` bigint(20) DEFAULT NULL,
  `harga_jual` bigint(20) DEFAULT NULL,
  `created_at` datetime DEFAULT current_timestamp(),
  `updated_at` datetime DEFAULT NULL,
  PRIMARY KEY (`id_barang`)
) ENGINE=InnoDB AUTO_INCREMENT=11 DEFAULT CHARSET=utf8mb4 COLLATE=utf8mb4_general_ci;

/*Data for the table `barang` */

insert  into `barang`(`id_barang`,`nama`,`stok`,`deskripsi`,`harga_beli`,`harga_jual`,`created_at`,`updated_at`) values 
(1,'Laptop ASUS VivoBook',50,'Laptop ringan dengan desain stylish dan performa handal.',8000000,10000000,'2024-05-01 17:14:17',NULL),
(2,'Smartphone Samsung Galaxy S21',100,'Smartphone premium dengan layar AMOLED dan kamera canggih.',12000000,15000000,'2024-05-01 17:14:17',NULL),
(3,'Kamera Mirrorless Sony Alpha A7 III',30,'Kamera mirrorless full-frame dengan kemampuan pengambilan gambar berkualitas tinggi.',18000000,22000000,'2024-05-01 17:14:17',NULL),
(4,'Smartwatch Apple Watch Series 6',80,'Smartwatch terbaru dari Apple dengan fitur deteksi detak jantung dan GPS.',6000000,8000000,'2024-05-01 17:14:17',NULL),
(5,'TV LED LG 55 Inch 4K',60,'TV LED dengan resolusi 4K Ultra HD untuk pengalaman menonton yang memukau.',10000000,12000000,'2024-05-01 17:14:17',NULL),
(6,'Headphone Sony WH-1000XM4',70,'Headphone nirkabel dengan noise cancelling adaptif dan kualitas suara superior.',3500000,4500000,'2024-05-01 17:14:17',NULL),
(7,'Speaker Bluetooth JBL Flip 5',90,'Speaker portable dengan suara bass yang kuat dan tahan air.',1500000,2000000,'2024-05-01 17:14:17',NULL),
(8,'Mouse Logitech MX Master 3',120,'Mouse nirkabel dengan desain ergonomis dan sensor presisi tinggi.',1000000,1500000,'2024-05-01 17:14:17',NULL),
(9,'Keyboard Mechanical Corsair K95 RGB Platinum',40,'Keyboard gaming dengan saklar Cherry MX dan fitur RGB lighting yang kustomisabel.',2500000,3000000,'2024-05-01 17:14:17',NULL),
(10,'Monitor Dell UltraSharp U2720Q',50,'Monitor 4K dengan desain bezel-tipis dan reproduksi warna yang akurat.',7000000,9000000,'2024-05-01 17:14:17',NULL);

/*Table structure for table `detail_pembelian` */

DROP TABLE IF EXISTS `detail_pembelian`;

CREATE TABLE `detail_pembelian` (
  `id_detail_pembelian` int(11) NOT NULL AUTO_INCREMENT,
  `id_pembelian` int(11) DEFAULT NULL,
  `id_barang` int(11) DEFAULT NULL,
  `jumlah` int(11) DEFAULT NULL,
  PRIMARY KEY (`id_detail_pembelian`),
  KEY `id_pembelian` (`id_pembelian`),
  KEY `id_barang` (`id_barang`),
  CONSTRAINT `detail_pembelian_ibfk_1` FOREIGN KEY (`id_pembelian`) REFERENCES `pembelian` (`id_pembelian`),
  CONSTRAINT `detail_pembelian_ibfk_2` FOREIGN KEY (`id_barang`) REFERENCES `barang` (`id_barang`)
) ENGINE=InnoDB AUTO_INCREMENT=1001 DEFAULT CHARSET=utf8mb4 COLLATE=utf8mb4_general_ci;

/*Data for the table `detail_pembelian` */

insert  into `detail_pembelian`(`id_detail_pembelian`,`id_pembelian`,`id_barang`,`jumlah`) values 
(1,1,1,3),
(2,1,2,2),
(3,2,3,1),
(4,2,4,4),
(5,3,5,2),
(6,3,6,3),
(7,4,7,1),
(8,4,8,5),
(9,5,9,2),
(10,5,10,3),
(11,6,1,4),
(12,6,2,1),
(13,7,3,2),
(14,7,4,3),
(15,8,5,1),
(16,8,6,2),
(17,9,7,3),
(18,9,8,4),
(19,10,9,5),
(20,10,10,1),
(21,11,1,2),
(22,11,2,3),
(23,12,3,4),
(24,12,4,1),
(25,13,5,2),
(26,13,6,3),
(27,14,7,4),
(28,14,8,5),
(29,15,9,1),
(30,15,10,2),
(31,16,1,3),
(32,16,2,4),
(33,17,3,5),
(34,17,4,1),
(35,18,5,2),
(36,18,6,3),
(37,19,7,4),
(38,19,8,5),
(39,20,9,1),
(40,20,10,2),
(41,21,1,3),
(42,21,2,4),
(43,22,3,5),
(44,22,4,1),
(45,23,5,2),
(46,23,6,3),
(47,24,7,4),
(48,24,8,5),
(49,25,9,1),
(50,25,10,2),
(51,26,1,3),
(52,26,2,4),
(53,27,3,5),
(54,27,4,1),
(55,28,5,2),
(56,28,6,3),
(57,29,7,4),
(58,29,8,5),
(59,30,9,1),
(60,30,10,2),
(61,31,1,3),
(62,31,2,4),
(63,32,3,5),
(64,32,4,1),
(65,33,5,2),
(66,33,6,3),
(67,34,7,4),
(68,34,8,5),
(69,35,9,1),
(70,35,10,2),
(71,36,1,3),
(72,36,2,4),
(73,37,3,5),
(74,37,4,1),
(75,38,5,2),
(76,38,6,3),
(77,39,7,4),
(78,39,8,5),
(79,40,9,1),
(80,40,10,2),
(81,41,1,3),
(82,41,2,4),
(83,42,3,5),
(84,42,4,1),
(85,43,5,2),
(86,43,6,3),
(87,44,7,4),
(88,44,8,5),
(89,45,9,1),
(90,45,10,2),
(91,46,1,3),
(92,46,2,4),
(93,47,3,5),
(94,47,4,1),
(95,48,5,2),
(96,48,6,3),
(97,49,7,4),
(98,49,8,5),
(99,50,9,1),
(100,50,10,2),
(101,51,1,3),
(102,51,2,4),
(103,52,3,5),
(104,52,4,1),
(105,53,5,2),
(106,53,6,3),
(107,54,7,4),
(108,54,8,5),
(109,55,9,1),
(110,55,10,2),
(111,56,1,3),
(112,56,2,4),
(113,57,3,5),
(114,57,4,1),
(115,58,5,2),
(116,58,6,3),
(117,59,7,4),
(118,59,8,5),
(119,60,9,1),
(120,60,10,2),
(121,61,1,3),
(122,61,2,4),
(123,62,3,5),
(124,62,4,1),
(125,63,5,2),
(126,63,6,3),
(127,64,7,4),
(128,64,8,5),
(129,65,9,1),
(130,65,10,2),
(131,66,1,3),
(132,66,2,4),
(133,67,3,5),
(134,67,4,1),
(135,68,5,2),
(136,68,6,3),
(137,69,7,4),
(138,69,8,5),
(139,70,9,1),
(140,70,10,2),
(141,71,1,3),
(142,71,2,4),
(143,72,3,5),
(144,72,4,1),
(145,73,5,2),
(146,73,6,3),
(147,74,7,4),
(148,74,8,5),
(149,75,9,1),
(150,75,10,2),
(151,76,1,3),
(152,76,2,4),
(153,77,3,5),
(154,77,4,1),
(155,78,5,2),
(156,78,6,3),
(157,79,7,4),
(158,79,8,5),
(159,80,9,1),
(160,80,10,2),
(161,81,1,3),
(162,81,2,4),
(163,82,3,5),
(164,82,4,1),
(165,83,5,2),
(166,83,6,3),
(167,84,7,4),
(168,84,8,5),
(169,85,9,1),
(170,85,10,2),
(171,86,1,3),
(172,86,2,4),
(173,87,3,5),
(174,87,4,1),
(175,88,5,2),
(176,88,6,3),
(177,89,7,4),
(178,89,8,5),
(179,90,9,1),
(180,90,10,2),
(181,91,1,3),
(182,91,2,4),
(183,92,3,5),
(184,92,4,1),
(185,93,5,2),
(186,93,6,3),
(187,94,7,4),
(188,94,8,5),
(189,95,9,1),
(190,95,10,2),
(191,96,1,3),
(192,96,2,4),
(193,97,3,5),
(194,97,4,1),
(195,98,5,2),
(196,98,6,3),
(197,99,7,4),
(198,99,8,5),
(199,100,9,1),
(200,100,10,2),
(201,101,1,3),
(202,101,2,4),
(203,102,3,5),
(204,102,4,1),
(205,103,5,2),
(206,103,6,3),
(207,104,7,4),
(208,104,8,5),
(209,105,9,1),
(210,105,10,2),
(211,106,1,3),
(212,106,2,4),
(213,107,3,5),
(214,107,4,1),
(215,108,5,2),
(216,108,6,3),
(217,109,7,4),
(218,109,8,5),
(219,110,9,1),
(220,110,10,2),
(221,111,1,3),
(222,111,2,4),
(223,112,3,5),
(224,112,4,1),
(225,113,5,2),
(226,113,6,3),
(227,114,7,4),
(228,114,8,5),
(229,115,9,1),
(230,115,10,2),
(231,116,1,3),
(232,116,2,4),
(233,117,3,5),
(234,117,4,1),
(235,118,5,2),
(236,118,6,3),
(237,119,7,4),
(238,119,8,5),
(239,120,9,1),
(240,120,10,2),
(241,121,1,3),
(242,121,2,4),
(243,122,3,5),
(244,122,4,1),
(245,123,5,2),
(246,123,6,3),
(247,124,7,4),
(248,124,8,5),
(249,125,9,1),
(250,125,10,2),
(251,126,1,3),
(252,126,2,4),
(253,127,3,5),
(254,127,4,1),
(255,128,5,2),
(256,128,6,3),
(257,129,7,4),
(258,129,8,5),
(259,130,9,1),
(260,130,10,2),
(261,131,1,3),
(262,131,2,4),
(263,132,3,5),
(264,132,4,1),
(265,133,5,2),
(266,133,6,3),
(267,134,7,4),
(268,134,8,5),
(269,135,9,1),
(270,135,10,2),
(271,136,1,3),
(272,136,2,4),
(273,137,3,5),
(274,137,4,1),
(275,138,5,2),
(276,138,6,3),
(277,139,7,4),
(278,139,8,5),
(279,140,9,1),
(280,140,10,2),
(281,141,1,3),
(282,141,2,4),
(283,142,3,5),
(284,142,4,1),
(285,143,5,2),
(286,143,6,3),
(287,144,7,4),
(288,144,8,5),
(289,145,9,1),
(290,145,10,2),
(291,146,1,3),
(292,146,2,4),
(293,147,3,5),
(294,147,4,1),
(295,148,5,2),
(296,148,6,3),
(297,149,7,4),
(298,149,8,5),
(299,150,9,1),
(300,150,10,2),
(301,151,1,3),
(302,151,2,4),
(303,152,3,5),
(304,152,4,1),
(305,153,5,2),
(306,153,6,3),
(307,154,7,4),
(308,154,8,5),
(309,155,9,1),
(310,155,10,2),
(311,156,1,3),
(312,156,2,4),
(313,157,3,5),
(314,157,4,1),
(315,158,5,2),
(316,158,6,3),
(317,159,7,4),
(318,159,8,5),
(319,160,9,1),
(320,160,10,2),
(321,161,1,3),
(322,161,2,4),
(323,162,3,5),
(324,162,4,1),
(325,163,5,2),
(326,163,6,3),
(327,164,7,4),
(328,164,8,5),
(329,165,9,1),
(330,165,10,2),
(331,166,1,3),
(332,166,2,4),
(333,167,3,5),
(334,167,4,1),
(335,168,5,2),
(336,168,6,3),
(337,169,7,4),
(338,169,8,5),
(339,170,9,1),
(340,170,10,2),
(341,171,1,3),
(342,171,2,4),
(343,172,3,5),
(344,172,4,1),
(345,173,5,2),
(346,173,6,3),
(347,174,7,4),
(348,174,8,5),
(349,175,9,1),
(350,175,10,2),
(351,176,1,3),
(352,176,2,4),
(353,177,3,5),
(354,177,4,1),
(355,178,5,2),
(356,178,6,3),
(357,179,7,4),
(358,179,8,5),
(359,180,9,1),
(360,180,10,2),
(361,181,1,3),
(362,181,2,4),
(363,182,3,5),
(364,182,4,1),
(365,183,5,2),
(366,183,6,3),
(367,184,7,4),
(368,184,8,5),
(369,185,9,1),
(370,185,10,2),
(371,186,1,3),
(372,186,2,4),
(373,187,3,5),
(374,187,4,1),
(375,188,5,2),
(376,188,6,3),
(377,189,7,4),
(378,189,8,5),
(379,190,9,1),
(380,190,10,2),
(381,191,1,3),
(382,191,2,4),
(383,192,3,5),
(384,192,4,1),
(385,193,5,2),
(386,193,6,3),
(387,194,7,4),
(388,194,8,5),
(389,195,9,1),
(390,195,10,2),
(391,196,1,3),
(392,196,2,4),
(393,197,3,5),
(394,197,4,1),
(395,198,5,2),
(396,198,6,3),
(397,199,7,4),
(398,199,8,5),
(399,200,9,1),
(400,200,10,2),
(401,201,1,3),
(402,201,2,4),
(403,202,3,5),
(404,202,4,1),
(405,203,5,2),
(406,203,6,3),
(407,204,7,4),
(408,204,8,5),
(409,205,9,1),
(410,205,10,2),
(411,206,1,3),
(412,206,2,4),
(413,207,3,5),
(414,207,4,1),
(415,208,5,2),
(416,208,6,3),
(417,209,7,4),
(418,209,8,5),
(419,210,9,1),
(420,210,10,2),
(421,211,1,3),
(422,211,2,4),
(423,212,3,5),
(424,212,4,1),
(425,213,5,2),
(426,213,6,3),
(427,214,7,4),
(428,214,8,5),
(429,215,9,1),
(430,215,10,2),
(431,216,1,3),
(432,216,2,4),
(433,217,3,5),
(434,217,4,1),
(435,218,5,2),
(436,218,6,3),
(437,219,7,4),
(438,219,8,5),
(439,220,9,1),
(440,220,10,2),
(441,221,1,3),
(442,221,2,4),
(443,222,3,5),
(444,222,4,1),
(445,223,5,2),
(446,223,6,3),
(447,224,7,4),
(448,224,8,5),
(449,225,9,1),
(450,225,10,2),
(451,226,1,3),
(452,226,2,4),
(453,227,3,5),
(454,227,4,1),
(455,228,5,2),
(456,228,6,3),
(457,229,7,4),
(458,229,8,5),
(459,230,9,1),
(460,230,10,2),
(461,231,1,3),
(462,231,2,4),
(463,232,3,5),
(464,232,4,1),
(465,233,5,2),
(466,233,6,3),
(467,234,7,4),
(468,234,8,5),
(469,235,9,1),
(470,235,10,2),
(471,236,1,3),
(472,236,2,4),
(473,237,3,5),
(474,237,4,1),
(475,238,5,2),
(476,238,6,3),
(477,239,7,4),
(478,239,8,5),
(479,240,9,1),
(480,240,10,2),
(481,241,1,3),
(482,241,2,4),
(483,242,3,5),
(484,242,4,1),
(485,243,5,2),
(486,243,6,3),
(487,244,7,4),
(488,244,8,5),
(489,245,9,1),
(490,245,10,2),
(491,246,1,3),
(492,246,2,4),
(493,247,3,5),
(494,247,4,1),
(495,248,5,2),
(496,248,6,3),
(497,249,7,4),
(498,249,8,5),
(499,250,9,1),
(500,250,10,2),
(501,251,1,3),
(502,251,2,4),
(503,252,3,5),
(504,252,4,1),
(505,253,5,2),
(506,253,6,3),
(507,254,7,4),
(508,254,8,5),
(509,255,9,1),
(510,255,10,2),
(511,256,1,3),
(512,256,2,4),
(513,257,3,5),
(514,257,4,1),
(515,258,5,2),
(516,258,6,3),
(517,259,7,4),
(518,259,8,5),
(519,260,9,1),
(520,260,10,2),
(521,261,1,3),
(522,261,2,4),
(523,262,3,5),
(524,262,4,1),
(525,263,5,2),
(526,263,6,3),
(527,264,7,4),
(528,264,8,5),
(529,265,9,1),
(530,265,10,2),
(531,266,1,3),
(532,266,2,4),
(533,267,3,5),
(534,267,4,1),
(535,268,5,2),
(536,268,6,3),
(537,269,7,4),
(538,269,8,5),
(539,270,9,1),
(540,270,10,2),
(541,271,1,3),
(542,271,2,4),
(543,272,3,5),
(544,272,4,1),
(545,273,5,2),
(546,273,6,3),
(547,274,7,4),
(548,274,8,5),
(549,275,9,1),
(550,275,10,2),
(551,276,1,3),
(552,276,2,4),
(553,277,3,5),
(554,277,4,1),
(555,278,5,2),
(556,278,6,3),
(557,279,7,4),
(558,279,8,5),
(559,280,9,1),
(560,280,10,2),
(561,281,1,3),
(562,281,2,4),
(563,282,3,5),
(564,282,4,1),
(565,283,5,2),
(566,283,6,3),
(567,284,7,4),
(568,284,8,5),
(569,285,9,1),
(570,285,10,2),
(571,286,1,3),
(572,286,2,4),
(573,287,3,5),
(574,287,4,1),
(575,288,5,2),
(576,288,6,3),
(577,289,7,4),
(578,289,8,5),
(579,290,9,1),
(580,290,10,2),
(581,291,1,3),
(582,291,2,4),
(583,292,3,5),
(584,292,4,1),
(585,293,5,2),
(586,293,6,3),
(587,294,7,4),
(588,294,8,5),
(589,295,9,1),
(590,295,10,2),
(591,296,1,3),
(592,296,2,4),
(593,297,3,5),
(594,297,4,1),
(595,298,5,2),
(596,298,6,3),
(597,299,7,4),
(598,299,8,5),
(599,300,9,1),
(600,300,10,2),
(601,301,1,3),
(602,301,2,4),
(603,302,3,5),
(604,302,4,1),
(605,303,5,2),
(606,303,6,3),
(607,304,7,4),
(608,304,8,5),
(609,305,9,1),
(610,305,10,2),
(611,306,1,3),
(612,306,2,4),
(613,307,3,5),
(614,307,4,1),
(615,308,5,2),
(616,308,6,3),
(617,309,7,4),
(618,309,8,5),
(619,310,9,1),
(620,310,10,2),
(621,311,1,3),
(622,311,2,4),
(623,312,3,5),
(624,312,4,1),
(625,313,5,2),
(626,313,6,3),
(627,314,7,4),
(628,314,8,5),
(629,315,9,1),
(630,315,10,2),
(631,316,1,3),
(632,316,2,4),
(633,317,3,5),
(634,317,4,1),
(635,318,5,2),
(636,318,6,3),
(637,319,7,4),
(638,319,8,5),
(639,320,9,1),
(640,320,10,2),
(641,321,1,3),
(642,321,2,4),
(643,322,3,5),
(644,322,4,1),
(645,323,5,2),
(646,323,6,3),
(647,324,7,4),
(648,324,8,5),
(649,325,9,1),
(650,325,10,2),
(651,326,1,3),
(652,326,2,4),
(653,327,3,5),
(654,327,4,1),
(655,328,5,2),
(656,328,6,3),
(657,329,7,4),
(658,329,8,5),
(659,330,9,1),
(660,330,10,2),
(661,331,1,3),
(662,331,2,4),
(663,332,3,5),
(664,332,4,1),
(665,333,5,2),
(666,333,6,3),
(667,334,7,4),
(668,334,8,5),
(669,335,9,1),
(670,335,10,2),
(671,336,1,3),
(672,336,2,4),
(673,337,3,5),
(674,337,4,1),
(675,338,5,2),
(676,338,6,3),
(677,339,7,4),
(678,339,8,5),
(679,340,9,1),
(680,340,10,2),
(681,341,1,3),
(682,341,2,4),
(683,342,3,5),
(684,342,4,1),
(685,343,5,2),
(686,343,6,3),
(687,344,7,4),
(688,344,8,5),
(689,345,9,1),
(690,345,10,2),
(691,346,1,3),
(692,346,2,4),
(693,347,3,5),
(694,347,4,1),
(695,348,5,2),
(696,348,6,3),
(697,349,7,4),
(698,349,8,5),
(699,350,9,1),
(700,350,10,2),
(701,351,1,3),
(702,351,2,4),
(703,352,3,5),
(704,352,4,1),
(705,353,5,2),
(706,353,6,3),
(707,354,7,4),
(708,354,8,5),
(709,355,9,1),
(710,355,10,2),
(711,356,1,3),
(712,356,2,4),
(713,357,3,5),
(714,357,4,1),
(715,358,5,2),
(716,358,6,3),
(717,359,7,4),
(718,359,8,5),
(719,360,9,1),
(720,360,10,2),
(721,361,1,3),
(722,361,2,4),
(723,362,3,5),
(724,362,4,1),
(725,363,5,2),
(726,363,6,3),
(727,364,7,4),
(728,364,8,5),
(729,365,9,1),
(730,365,10,2),
(731,366,1,3),
(732,366,2,4),
(733,367,3,5),
(734,367,4,1),
(735,368,5,2),
(736,368,6,3),
(737,369,7,4),
(738,369,8,5),
(739,370,9,1),
(740,370,10,2),
(741,371,1,3),
(742,371,2,4),
(743,372,3,5),
(744,372,4,1),
(745,373,5,2),
(746,373,6,3),
(747,374,7,4),
(748,374,8,5),
(749,375,9,1),
(750,375,10,2),
(751,376,1,3),
(752,376,2,4),
(753,377,3,5),
(754,377,4,1),
(755,378,5,2),
(756,378,6,3),
(757,379,7,4),
(758,379,8,5),
(759,380,9,1),
(760,380,10,2),
(761,381,1,3),
(762,381,2,4),
(763,382,3,5),
(764,382,4,1),
(765,383,5,2),
(766,383,6,3),
(767,384,7,4),
(768,384,8,5),
(769,385,9,1),
(770,385,10,2),
(771,386,1,3),
(772,386,2,4),
(773,387,3,5),
(774,387,4,1),
(775,388,5,2),
(776,388,6,3),
(777,389,7,4),
(778,389,8,5),
(779,390,9,1),
(780,390,10,2),
(781,391,1,3),
(782,391,2,4),
(783,392,3,5),
(784,392,4,1),
(785,393,5,2),
(786,393,6,3),
(787,394,7,4),
(788,394,8,5),
(789,395,9,1),
(790,395,10,2),
(791,396,1,3),
(792,396,2,4),
(793,397,3,5),
(794,397,4,1),
(795,398,5,2),
(796,398,6,3),
(797,399,7,4),
(798,399,8,5),
(799,400,9,1),
(800,400,10,2),
(801,401,1,3),
(802,401,2,4),
(803,402,3,5),
(804,402,4,1),
(805,403,5,2),
(806,403,6,3),
(807,404,7,4),
(808,404,8,5),
(809,405,9,1),
(810,405,10,2),
(811,406,1,3),
(812,406,2,4),
(813,407,3,5),
(814,407,4,1),
(815,408,5,2),
(816,408,6,3),
(817,409,7,4),
(818,409,8,5),
(819,410,9,1),
(820,410,10,2),
(821,411,1,3),
(822,411,2,4),
(823,412,3,5),
(824,412,4,1),
(825,413,5,2),
(826,413,6,3),
(827,414,7,4),
(828,414,8,5),
(829,415,9,1),
(830,415,10,2),
(831,416,1,3),
(832,416,2,4),
(833,417,3,5),
(834,417,4,1),
(835,418,5,2),
(836,418,6,3),
(837,419,7,4),
(838,419,8,5),
(839,420,9,1),
(840,420,10,2),
(841,421,1,3),
(842,421,2,4),
(843,422,3,5),
(844,422,4,1),
(845,423,5,2),
(846,423,6,3),
(847,424,7,4),
(848,424,8,5),
(849,425,9,1),
(850,425,10,2),
(851,426,1,3),
(852,426,2,4),
(853,427,3,5),
(854,427,4,1),
(855,428,5,2),
(856,428,6,3),
(857,429,7,4),
(858,429,8,5),
(859,430,9,1),
(860,430,10,2),
(861,431,1,3),
(862,431,2,4),
(863,432,3,5),
(864,432,4,1),
(865,433,5,2),
(866,433,6,3),
(867,434,7,4),
(868,434,8,5),
(869,435,9,1),
(870,435,10,2),
(871,436,1,3),
(872,436,2,4),
(873,437,3,5),
(874,437,4,1),
(875,438,5,2),
(876,438,6,3),
(877,439,7,4),
(878,439,8,5),
(879,440,9,1),
(880,440,10,2),
(881,441,1,3),
(882,441,2,4),
(883,442,3,5),
(884,442,4,1),
(885,443,5,2),
(886,443,6,3),
(887,444,7,4),
(888,444,8,5),
(889,445,9,1),
(890,445,10,2),
(891,446,1,3),
(892,446,2,4),
(893,447,3,5),
(894,447,4,1),
(895,448,5,2),
(896,448,6,3),
(897,449,7,4),
(898,449,8,5),
(899,450,9,1),
(900,450,10,2),
(901,451,1,3),
(902,451,2,4),
(903,452,3,5),
(904,452,4,1),
(905,453,5,2),
(906,453,6,3),
(907,454,7,4),
(908,454,8,5),
(909,455,9,1),
(910,455,10,2),
(911,456,1,3),
(912,456,2,4),
(913,457,3,5),
(914,457,4,1),
(915,458,5,2),
(916,458,6,3),
(917,459,7,4),
(918,459,8,5),
(919,460,9,1),
(920,460,10,2),
(921,461,1,3),
(922,461,2,4),
(923,462,3,5),
(924,462,4,1),
(925,463,5,2),
(926,463,6,3),
(927,464,7,4),
(928,464,8,5),
(929,465,9,1),
(930,465,10,2),
(931,466,1,3),
(932,466,2,4),
(933,467,3,5),
(934,467,4,1),
(935,468,5,2),
(936,468,6,3),
(937,469,7,4),
(938,469,8,5),
(939,470,9,1),
(940,470,10,2),
(941,471,1,3),
(942,471,2,4),
(943,472,3,5),
(944,472,4,1),
(945,473,5,2),
(946,473,6,3),
(947,474,7,4),
(948,474,8,5),
(949,475,9,1),
(950,475,10,2),
(951,476,1,3),
(952,476,2,4),
(953,477,3,5),
(954,477,4,1),
(955,478,5,2),
(956,478,6,3),
(957,479,7,4),
(958,479,8,5),
(959,480,9,1),
(960,480,10,2),
(961,481,1,3),
(962,481,2,4),
(963,482,3,5),
(964,482,4,1),
(965,483,5,2),
(966,483,6,3),
(967,484,7,4),
(968,484,8,5),
(969,485,9,1),
(970,485,10,2),
(971,486,1,3),
(972,486,2,4),
(973,487,3,5),
(974,487,4,1),
(975,488,5,2),
(976,488,6,3),
(977,489,7,4),
(978,489,8,5),
(979,490,9,1),
(980,490,10,2),
(981,491,1,3),
(982,491,2,4),
(983,492,3,5),
(984,492,4,1),
(985,493,5,2),
(986,493,6,3),
(987,494,7,4),
(988,494,8,5),
(989,495,9,1),
(990,495,10,2),
(991,496,1,3),
(992,496,2,4),
(993,497,3,5),
(994,497,4,1),
(995,498,5,2),
(996,498,6,3),
(997,499,7,4),
(998,499,8,5),
(999,500,9,1),
(1000,500,10,2);

/*Table structure for table `detail_penjualan` */

DROP TABLE IF EXISTS `detail_penjualan`;

CREATE TABLE `detail_penjualan` (
  `id_detail_penjualan` int(11) NOT NULL AUTO_INCREMENT,
  `id_penjualan` int(11) DEFAULT NULL,
  `id_barang` int(11) DEFAULT NULL,
  `jumlah` int(11) DEFAULT NULL,
  PRIMARY KEY (`id_detail_penjualan`),
  KEY `id_penjualan` (`id_penjualan`),
  KEY `id_barang` (`id_barang`),
  CONSTRAINT `detail_penjualan_ibfk_1` FOREIGN KEY (`id_penjualan`) REFERENCES `penjualan` (`id_penjualan`),
  CONSTRAINT `detail_penjualan_ibfk_2` FOREIGN KEY (`id_barang`) REFERENCES `barang` (`id_barang`)
) ENGINE=InnoDB AUTO_INCREMENT=3001 DEFAULT CHARSET=utf8mb4 COLLATE=utf8mb4_general_ci;

/*Data for the table `detail_penjualan` */

insert  into `detail_penjualan`(`id_detail_penjualan`,`id_penjualan`,`id_barang`,`jumlah`) values 
(1,1,1,5),
(2,1,2,7),
(3,2,3,3),
(4,2,4,8),
(5,3,5,4),
(6,3,6,6),
(7,4,7,9),
(8,4,8,2),
(9,5,9,7),
(10,5,10,5),
(11,6,1,6),
(12,6,2,4),
(13,7,3,8),
(14,7,4,3),
(15,8,5,7),
(16,8,6,5),
(17,9,7,4),
(18,9,8,8),
(19,10,9,3),
(20,10,10,9),
(21,11,1,10),
(22,11,2,2),
(23,12,3,6),
(24,12,4,4),
(25,13,5,9),
(26,13,6,7),
(27,14,7,8),
(28,14,8,6),
(29,15,9,5),
(30,15,10,4),
(31,16,1,3),
(32,16,2,5),
(33,17,3,7),
(34,17,4,6),
(35,18,5,8),
(36,18,6,3),
(37,19,7,4),
(38,19,8,6),
(39,20,9,2),
(40,20,10,7),
(41,21,1,9),
(42,21,2,5),
(43,22,3,7),
(44,22,4,8),
(45,23,5,3),
(46,23,6,6),
(47,24,7,9),
(48,24,8,4),
(49,25,9,5),
(50,25,10,7),
(51,26,1,6),
(52,26,2,3),
(53,27,3,7),
(54,27,4,6),
(55,28,5,8),
(56,28,6,5),
(57,29,7,4),
(58,29,8,7),
(59,30,9,3),
(60,30,10,8),
(61,31,1,10),
(62,31,2,4),
(63,32,3,6),
(64,32,4,7),
(65,33,5,9),
(66,33,6,2),
(67,34,7,7),
(68,34,8,5),
(69,35,9,3),
(70,35,10,6),
(71,36,1,5),
(72,36,2,6),
(73,37,3,8),
(74,37,4,4),
(75,38,5,7),
(76,38,6,9),
(77,39,7,3),
(78,39,8,5),
(79,40,9,6),
(80,40,10,2),
(81,41,1,3),
(82,41,2,5),
(83,42,3,7),
(84,42,4,4),
(85,43,5,8),
(86,43,6,6),
(87,44,7,5),
(88,44,8,3),
(89,45,9,9),
(90,45,10,4),
(91,46,1,6),
(92,46,2,7),
(93,47,3,8),
(94,47,4,5),
(95,48,5,4),
(96,48,6,9),
(97,49,7,7),
(98,49,8,5),
(99,50,9,3),
(100,50,10,6),
(101,51,1,5),
(102,51,2,6),
(103,52,3,8),
(104,52,4,4),
(105,53,5,7),
(106,53,6,9),
(107,54,7,3),
(108,54,8,5),
(109,55,9,6),
(110,55,10,2),
(111,56,1,3),
(112,56,2,5),
(113,57,3,7),
(114,57,4,4),
(115,58,5,8),
(116,58,6,6),
(117,59,7,5),
(118,59,8,3),
(119,60,9,9),
(120,60,10,4),
(121,61,1,6),
(122,61,2,7),
(123,62,3,8),
(124,62,4,5),
(125,63,5,4),
(126,63,6,9),
(127,64,7,7),
(128,64,8,5),
(129,65,9,3),
(130,65,10,6),
(131,66,1,5),
(132,66,2,6),
(133,67,3,8),
(134,67,4,4),
(135,68,5,7),
(136,68,6,9),
(137,69,7,3),
(138,69,8,5),
(139,70,9,6),
(140,70,10,2),
(141,71,1,3),
(142,71,2,5),
(143,72,3,7),
(144,72,4,4),
(145,73,5,8),
(146,73,6,6),
(147,74,7,5),
(148,74,8,3),
(149,75,9,9),
(150,75,10,4),
(151,76,1,6),
(152,76,2,7),
(153,77,3,8),
(154,77,4,5),
(155,78,5,4),
(156,78,6,9),
(157,79,7,7),
(158,79,8,5),
(159,80,9,3),
(160,80,10,6),
(161,81,1,5),
(162,81,2,6),
(163,82,3,8),
(164,82,4,4),
(165,83,5,7),
(166,83,6,9),
(167,84,7,3),
(168,84,8,5),
(169,85,9,6),
(170,85,10,2),
(171,86,1,3),
(172,86,2,5),
(173,87,3,7),
(174,87,4,4),
(175,88,5,8),
(176,88,6,6),
(177,89,7,5),
(178,89,8,3),
(179,90,9,9),
(180,90,10,4),
(181,91,1,6),
(182,91,2,7),
(183,92,3,8),
(184,92,4,5),
(185,93,5,4),
(186,93,6,9),
(187,94,7,7),
(188,94,8,5),
(189,95,9,3),
(190,95,10,6),
(191,96,1,5),
(192,96,2,6),
(193,97,3,8),
(194,97,4,4),
(195,98,5,7),
(196,98,6,9),
(197,99,7,3),
(198,99,8,5),
(199,100,9,6),
(200,100,10,2),
(201,101,1,3),
(202,101,2,5),
(203,102,3,7),
(204,102,4,4),
(205,103,5,8),
(206,103,6,6),
(207,104,7,5),
(208,104,8,3),
(209,105,9,9),
(210,105,10,4),
(211,106,1,6),
(212,106,2,7),
(213,107,3,8),
(214,107,4,5),
(215,108,5,4),
(216,108,6,9),
(217,109,7,7),
(218,109,8,5),
(219,110,9,3),
(220,110,10,6),
(221,111,1,5),
(222,111,2,6),
(223,112,3,8),
(224,112,4,4),
(225,113,5,7),
(226,113,6,9),
(227,114,7,3),
(228,114,8,5),
(229,115,9,6),
(230,115,10,2),
(231,116,1,3),
(232,116,2,5),
(233,117,3,7),
(234,117,4,4),
(235,118,5,8),
(236,118,6,6),
(237,119,7,5),
(238,119,8,3),
(239,120,9,9),
(240,120,10,4),
(241,121,1,6),
(242,121,2,7),
(243,122,3,8),
(244,122,4,5),
(245,123,5,4),
(246,123,6,9),
(247,124,7,7),
(248,124,8,5),
(249,125,9,3),
(250,125,10,6),
(251,126,1,5),
(252,126,2,6),
(253,127,3,8),
(254,127,4,4),
(255,128,5,7),
(256,128,6,9),
(257,129,7,3),
(258,129,8,5),
(259,130,9,6),
(260,130,10,2),
(261,131,1,3),
(262,131,2,5),
(263,132,3,7),
(264,132,4,4),
(265,133,5,8),
(266,133,6,6),
(267,134,7,5),
(268,134,8,3),
(269,135,9,9),
(270,135,10,4),
(271,136,1,6),
(272,136,2,7),
(273,137,3,8),
(274,137,4,5),
(275,138,5,4),
(276,138,6,9),
(277,139,7,7),
(278,139,8,5),
(279,140,9,3),
(280,140,10,6),
(281,141,1,5),
(282,141,2,6),
(283,142,3,8),
(284,142,4,4),
(285,143,5,7),
(286,143,6,9),
(287,144,7,3),
(288,144,8,5),
(289,145,9,6),
(290,145,10,2),
(291,146,1,3),
(292,146,2,5),
(293,147,3,7),
(294,147,4,4),
(295,148,5,8),
(296,148,6,6),
(297,149,7,5),
(298,149,8,3),
(299,150,9,9),
(300,150,10,4),
(301,151,1,6),
(302,151,2,7),
(303,152,3,8),
(304,152,4,5),
(305,153,5,4),
(306,153,6,9),
(307,154,7,7),
(308,154,8,5),
(309,155,9,3),
(310,155,10,6),
(311,156,1,5),
(312,156,2,6),
(313,157,3,8),
(314,157,4,4),
(315,158,5,7),
(316,158,6,9),
(317,159,7,3),
(318,159,8,5),
(319,160,9,6),
(320,160,10,2),
(321,161,1,3),
(322,161,2,5),
(323,162,3,7),
(324,162,4,4),
(325,163,5,8),
(326,163,6,6),
(327,164,7,5),
(328,164,8,3),
(329,165,9,9),
(330,165,10,4),
(331,166,1,6),
(332,166,2,7),
(333,167,3,8),
(334,167,4,5),
(335,168,5,4),
(336,168,6,9),
(337,169,7,7),
(338,169,8,5),
(339,170,9,3),
(340,170,10,6),
(341,171,1,5),
(342,171,2,6),
(343,172,3,8),
(344,172,4,4),
(345,173,5,7),
(346,173,6,9),
(347,174,7,3),
(348,174,8,5),
(349,175,9,6),
(350,175,10,2),
(351,176,1,3),
(352,176,2,5),
(353,177,3,7),
(354,177,4,4),
(355,178,5,8),
(356,178,6,6),
(357,179,7,5),
(358,179,8,3),
(359,180,9,9),
(360,180,10,4),
(361,181,1,6),
(362,181,2,7),
(363,182,3,8),
(364,182,4,5),
(365,183,5,4),
(366,183,6,9),
(367,184,7,7),
(368,184,8,5),
(369,185,9,3),
(370,185,10,6),
(371,186,1,5),
(372,186,2,6),
(373,187,3,8),
(374,187,4,4),
(375,188,5,7),
(376,188,6,9),
(377,189,7,3),
(378,189,8,5),
(379,190,9,6),
(380,190,10,2),
(381,191,1,3),
(382,191,2,5),
(383,192,3,7),
(384,192,4,4),
(385,193,5,8),
(386,193,6,6),
(387,194,7,5),
(388,194,8,3),
(389,195,9,9),
(390,195,10,4),
(391,196,1,6),
(392,196,2,7),
(393,197,3,8),
(394,197,4,5),
(395,198,5,4),
(396,198,6,9),
(397,199,7,7),
(398,199,8,5),
(399,200,9,3),
(400,200,10,6),
(401,201,1,5),
(402,201,2,6),
(403,202,3,8),
(404,202,4,4),
(405,203,5,7),
(406,203,6,9),
(407,204,7,3),
(408,204,8,5),
(409,205,9,6),
(410,205,10,2),
(411,206,1,3),
(412,206,2,5),
(413,207,3,7),
(414,207,4,4),
(415,208,5,8),
(416,208,6,6),
(417,209,7,5),
(418,209,8,3),
(419,210,9,9),
(420,210,10,4),
(421,211,1,6),
(422,211,2,7),
(423,212,3,8),
(424,212,4,5),
(425,213,5,4),
(426,213,6,9),
(427,214,7,7),
(428,214,8,5),
(429,215,9,3),
(430,215,10,6),
(431,216,1,5),
(432,216,2,6),
(433,217,3,8),
(434,217,4,4),
(435,218,5,7),
(436,218,6,9),
(437,219,7,3),
(438,219,8,5),
(439,220,9,6),
(440,220,10,2),
(441,221,1,3),
(442,221,2,5),
(443,222,3,7),
(444,222,4,4),
(445,223,5,8),
(446,223,6,6),
(447,224,7,5),
(448,224,8,3),
(449,225,9,9),
(450,225,10,4),
(451,226,1,6),
(452,226,2,7),
(453,227,3,8),
(454,227,4,5),
(455,228,5,4),
(456,228,6,9),
(457,229,7,7),
(458,229,8,5),
(459,230,9,3),
(460,230,10,6),
(461,231,1,5),
(462,231,2,6),
(463,232,3,8),
(464,232,4,4),
(465,233,5,7),
(466,233,6,9),
(467,234,7,3),
(468,234,8,5),
(469,235,9,6),
(470,235,10,2),
(471,236,1,3),
(472,236,2,5),
(473,237,3,7),
(474,237,4,4),
(475,238,5,8),
(476,238,6,6),
(477,239,7,5),
(478,239,8,3),
(479,240,9,9),
(480,240,10,4),
(481,241,1,6),
(482,241,2,7),
(483,242,3,8),
(484,242,4,5),
(485,243,5,4),
(486,243,6,9),
(487,244,7,7),
(488,244,8,5),
(489,245,9,3),
(490,245,10,6),
(491,246,1,5),
(492,246,2,6),
(493,247,3,8),
(494,247,4,4),
(495,248,5,7),
(496,248,6,9),
(497,249,7,3),
(498,249,8,5),
(499,250,9,6),
(500,250,10,2),
(501,251,1,3),
(502,251,2,5),
(503,252,3,7),
(504,252,4,4),
(505,253,5,8),
(506,253,6,6),
(507,254,7,5),
(508,254,8,3),
(509,255,9,9),
(510,255,10,4),
(511,256,1,6),
(512,256,2,7),
(513,257,3,8),
(514,257,4,5),
(515,258,5,4),
(516,258,6,9),
(517,259,7,7),
(518,259,8,5),
(519,260,9,3),
(520,260,10,6),
(521,261,1,5),
(522,261,2,6),
(523,262,3,8),
(524,262,4,4),
(525,263,5,7),
(526,263,6,9),
(527,264,7,3),
(528,264,8,5),
(529,265,9,6),
(530,265,10,2),
(531,266,1,3),
(532,266,2,5),
(533,267,3,7),
(534,267,4,4),
(535,268,5,8),
(536,268,6,6),
(537,269,7,5),
(538,269,8,3),
(539,270,9,9),
(540,270,10,4),
(541,271,1,6),
(542,271,2,7),
(543,272,3,8),
(544,272,4,5),
(545,273,5,4),
(546,273,6,9),
(547,274,7,7),
(548,274,8,5),
(549,275,9,3),
(550,275,10,6),
(551,276,1,5),
(552,276,2,6),
(553,277,3,8),
(554,277,4,4),
(555,278,5,7),
(556,278,6,9),
(557,279,7,3),
(558,279,8,5),
(559,280,9,6),
(560,280,10,2),
(561,281,1,3),
(562,281,2,5),
(563,282,3,7),
(564,282,4,4),
(565,283,5,8),
(566,283,6,6),
(567,284,7,5),
(568,284,8,3),
(569,285,9,9),
(570,285,10,4),
(571,286,1,6),
(572,286,2,7),
(573,287,3,8),
(574,287,4,5),
(575,288,5,4),
(576,288,6,9),
(577,289,7,7),
(578,289,8,5),
(579,290,9,3),
(580,290,10,6),
(581,291,1,5),
(582,291,2,6),
(583,292,3,8),
(584,292,4,4),
(585,293,5,7),
(586,293,6,9),
(587,294,7,3),
(588,294,8,5),
(589,295,9,6),
(590,295,10,2),
(591,296,1,3),
(592,296,2,5),
(593,297,3,7),
(594,297,4,4),
(595,298,5,8),
(596,298,6,6),
(597,299,7,5),
(598,299,8,3),
(599,300,9,9),
(600,300,10,4),
(601,301,1,6),
(602,301,2,7),
(603,302,3,8),
(604,302,4,5),
(605,303,5,4),
(606,303,6,9),
(607,304,7,7),
(608,304,8,5),
(609,305,9,3),
(610,305,10,6),
(611,306,1,5),
(612,306,2,6),
(613,307,3,8),
(614,307,4,4),
(615,308,5,7),
(616,308,6,9),
(617,309,7,3),
(618,309,8,5),
(619,310,9,6),
(620,310,10,2),
(621,311,1,3),
(622,311,2,5),
(623,312,3,7),
(624,312,4,4),
(625,313,5,8),
(626,313,6,6),
(627,314,7,5),
(628,314,8,3),
(629,315,9,9),
(630,315,10,4),
(631,316,1,6),
(632,316,2,7),
(633,317,3,8),
(634,317,4,5),
(635,318,5,4),
(636,318,6,9),
(637,319,7,7),
(638,319,8,5),
(639,320,9,3),
(640,320,10,6),
(641,321,1,5),
(642,321,2,6),
(643,322,3,8),
(644,322,4,4),
(645,323,5,7),
(646,323,6,9),
(647,324,7,3),
(648,324,8,5),
(649,325,9,6),
(650,325,10,2),
(651,326,1,3),
(652,326,2,5),
(653,327,3,7),
(654,327,4,4),
(655,328,5,8),
(656,328,6,6),
(657,329,7,5),
(658,329,8,3),
(659,330,9,9),
(660,330,10,4),
(661,331,1,6),
(662,331,2,7),
(663,332,3,8),
(664,332,4,5),
(665,333,5,4),
(666,333,6,9),
(667,334,7,7),
(668,334,8,5),
(669,335,9,3),
(670,335,10,6),
(671,336,1,5),
(672,336,2,6),
(673,337,3,8),
(674,337,4,4),
(675,338,5,7),
(676,338,6,9),
(677,339,7,3),
(678,339,8,5),
(679,340,9,6),
(680,340,10,2),
(681,341,1,3),
(682,341,2,5),
(683,342,3,7),
(684,342,4,4),
(685,343,5,8),
(686,343,6,6),
(687,344,7,5),
(688,344,8,3),
(689,345,9,9),
(690,345,10,4),
(691,346,1,6),
(692,346,2,7),
(693,347,3,8),
(694,347,4,5),
(695,348,5,4),
(696,348,6,9),
(697,349,7,7),
(698,349,8,5),
(699,350,9,3),
(700,350,10,6),
(701,351,1,5),
(702,351,2,6),
(703,352,3,8),
(704,352,4,4),
(705,353,5,7),
(706,353,6,9),
(707,354,7,3),
(708,354,8,5),
(709,355,9,6),
(710,355,10,2),
(711,356,1,3),
(712,356,2,5),
(713,357,3,7),
(714,357,4,4),
(715,358,5,8),
(716,358,6,6),
(717,359,7,5),
(718,359,8,3),
(719,360,9,9),
(720,360,10,4),
(721,361,1,6),
(722,361,2,7),
(723,362,3,8),
(724,362,4,5),
(725,363,5,4),
(726,363,6,9),
(727,364,7,7),
(728,364,8,5),
(729,365,9,3),
(730,365,10,6),
(731,366,1,5),
(732,366,2,6),
(733,367,3,8),
(734,367,4,4),
(735,368,5,7),
(736,368,6,9),
(737,369,7,3),
(738,369,8,5),
(739,370,9,6),
(740,370,10,2),
(741,371,1,3),
(742,371,2,5),
(743,372,3,7),
(744,372,4,4),
(745,373,5,8),
(746,373,6,6),
(747,374,7,5),
(748,374,8,3),
(749,375,9,9),
(750,375,10,4),
(751,376,1,6),
(752,376,2,7),
(753,377,3,8),
(754,377,4,5),
(755,378,5,4),
(756,378,6,9),
(757,379,7,7),
(758,379,8,5),
(759,380,9,3),
(760,380,10,6),
(761,381,1,5),
(762,381,2,6),
(763,382,3,8),
(764,382,4,4),
(765,383,5,7),
(766,383,6,9),
(767,384,7,3),
(768,384,8,5),
(769,385,9,6),
(770,385,10,2),
(771,386,1,3),
(772,386,2,5),
(773,387,3,7),
(774,387,4,4),
(775,388,5,8),
(776,388,6,6),
(777,389,7,5),
(778,389,8,3),
(779,390,9,9),
(780,390,10,4),
(781,391,1,6),
(782,391,2,7),
(783,392,3,8),
(784,392,4,5),
(785,393,5,4),
(786,393,6,9),
(787,394,7,7),
(788,394,8,5),
(789,395,9,3),
(790,395,10,6),
(791,396,1,5),
(792,396,2,6),
(793,397,3,8),
(794,397,4,4),
(795,398,5,7),
(796,398,6,9),
(797,399,7,3),
(798,399,8,5),
(799,400,9,6),
(800,400,10,2),
(801,401,1,3),
(802,401,2,5),
(803,402,3,7),
(804,402,4,4),
(805,403,5,8),
(806,403,6,6),
(807,404,7,5),
(808,404,8,3),
(809,405,9,9),
(810,405,10,4),
(811,406,1,6),
(812,406,2,7),
(813,407,3,8),
(814,407,4,5),
(815,408,5,4),
(816,408,6,9),
(817,409,7,7),
(818,409,8,5),
(819,410,9,3),
(820,410,10,6),
(821,411,1,5),
(822,411,2,6),
(823,412,3,8),
(824,412,4,4),
(825,413,5,7),
(826,413,6,9),
(827,414,7,3),
(828,414,8,5),
(829,415,9,6),
(830,415,10,2),
(831,416,1,3),
(832,416,2,5),
(833,417,3,7),
(834,417,4,4),
(835,418,5,8),
(836,418,6,6),
(837,419,7,5),
(838,419,8,3),
(839,420,9,9),
(840,420,10,4),
(841,421,1,6),
(842,421,2,7),
(843,422,3,8),
(844,422,4,5),
(845,423,5,4),
(846,423,6,9),
(847,424,7,7),
(848,424,8,5),
(849,425,9,3),
(850,425,10,6),
(851,426,1,5),
(852,426,2,6),
(853,427,3,8),
(854,427,4,4),
(855,428,5,7),
(856,428,6,9),
(857,429,7,3),
(858,429,8,5),
(859,430,9,6),
(860,430,10,2),
(861,431,1,3),
(862,431,2,5),
(863,432,3,7),
(864,432,4,4),
(865,433,5,8),
(866,433,6,6),
(867,434,7,5),
(868,434,8,3),
(869,435,9,9),
(870,435,10,4),
(871,436,1,6),
(872,436,2,7),
(873,437,3,8),
(874,437,4,5),
(875,438,5,4),
(876,438,6,9),
(877,439,7,7),
(878,439,8,5),
(879,440,9,3),
(880,440,10,6),
(881,441,1,5),
(882,441,2,6),
(883,442,3,8),
(884,442,4,4),
(885,443,5,7),
(886,443,6,9),
(887,444,7,3),
(888,444,8,5),
(889,445,9,6),
(890,445,10,2),
(891,446,1,3),
(892,446,2,5),
(893,447,3,7),
(894,447,4,4),
(895,448,5,8),
(896,448,6,6),
(897,449,7,5),
(898,449,8,3),
(899,450,9,9),
(900,450,10,4),
(901,451,1,6),
(902,451,2,7),
(903,452,3,8),
(904,452,4,5),
(905,453,5,4),
(906,453,6,9),
(907,454,7,7),
(908,454,8,5),
(909,455,9,3),
(910,455,10,6),
(911,456,1,5),
(912,456,2,6),
(913,457,3,8),
(914,457,4,4),
(915,458,5,7),
(916,458,6,9),
(917,459,7,3),
(918,459,8,5),
(919,460,9,6),
(920,460,10,2),
(921,461,1,3),
(922,461,2,5),
(923,462,3,7),
(924,462,4,4),
(925,463,5,8),
(926,463,6,6),
(927,464,7,5),
(928,464,8,3),
(929,465,9,9),
(930,465,10,4),
(931,466,1,6),
(932,466,2,7),
(933,467,3,8),
(934,467,4,5),
(935,468,5,4),
(936,468,6,9),
(937,469,7,7),
(938,469,8,5),
(939,470,9,3),
(940,470,10,6),
(941,471,1,5),
(942,471,2,6),
(943,472,3,8),
(944,472,4,4),
(945,473,5,7),
(946,473,6,9),
(947,474,7,3),
(948,474,8,5),
(949,475,9,6),
(950,475,10,2),
(951,476,1,3),
(952,476,2,5),
(953,477,3,7),
(954,477,4,4),
(955,478,5,8),
(956,478,6,6),
(957,479,7,5),
(958,479,8,3),
(959,480,9,9),
(960,480,10,4),
(961,481,1,6),
(962,481,2,7),
(963,482,3,8),
(964,482,4,5),
(965,483,5,4),
(966,483,6,9),
(967,484,7,7),
(968,484,8,5),
(969,485,9,3),
(970,485,10,6),
(971,486,1,5),
(972,486,2,6),
(973,487,3,8),
(974,487,4,4),
(975,488,5,7),
(976,488,6,9),
(977,489,7,3),
(978,489,8,5),
(979,490,9,6),
(980,490,10,2),
(981,491,1,3),
(982,491,2,5),
(983,492,3,7),
(984,492,4,4),
(985,493,5,8),
(986,493,6,6),
(987,494,7,5),
(988,494,8,3),
(989,495,9,9),
(990,495,10,4),
(991,496,1,6),
(992,496,2,7),
(993,497,3,8),
(994,497,4,5),
(995,498,5,4),
(996,498,6,9),
(997,499,7,7),
(998,499,8,5),
(999,500,9,3),
(1000,500,10,6);

/*Table structure for table `karyawan` */

DROP TABLE IF EXISTS `karyawan`;

CREATE TABLE `karyawan` (
  `id_karyawan` int(11) NOT NULL AUTO_INCREMENT,
  `nama` varchar(50) DEFAULT NULL,
  `alamat` varchar(100) DEFAULT NULL,
  `tgl_masuk` date DEFAULT NULL,
  `created_at` datetime DEFAULT current_timestamp(),
  `updated_at` datetime DEFAULT NULL,
  PRIMARY KEY (`id_karyawan`)
) ENGINE=InnoDB AUTO_INCREMENT=11 DEFAULT CHARSET=utf8mb4 COLLATE=utf8mb4_general_ci;

/*Data for the table `karyawan` */

insert  into `karyawan`(`id_karyawan`,`nama`,`alamat`,`tgl_masuk`,`created_at`,`updated_at`) values 
(1,'John Doe','Jl. Contoh No. 123','2023-01-15','2024-05-01 00:00:00',NULL),
(2,'Jane Smith','Jl. Percobaan No. 456','2023-02-20','2024-05-01 00:00:00',NULL),
(3,'Michael Johnson','Jl. Uji Coba No. 789','2023-03-10','2024-05-01 00:00:00',NULL),
(4,'Emily Brown','Jl. Ayo Berlatih No. 1011','2023-04-05','2024-05-01 00:00:00',NULL),
(5,'William Taylor','Jl. Belajar Terus No. 1213','2023-05-08','2024-05-01 00:00:00',NULL),
(6,'Olivia Martinez','Jl. Uji Nyali No. 1415','2023-06-17','2024-05-01 00:00:00',NULL),
(7,'James Anderson','Jl. Latihan Intensif No. 1617','2023-07-22','2024-05-01 00:00:00',NULL),
(8,'Sophia Garcia','Jl. Contoh Lagi No. 1819','2023-08-30','2024-05-01 00:00:00',NULL),
(9,'Alexander Rodriguez','Jl. Percobaan Lagi No. 2021','2023-09-12','2024-05-01 00:00:00',NULL),
(10,'Isabella Wilson','Jl. Uji Kemampuan No. 2223','2023-10-25','2024-05-01 00:00:00',NULL);

/*Table structure for table `pelanggan` */

DROP TABLE IF EXISTS `pelanggan`;

CREATE TABLE `pelanggan` (
  `id_pelanggan` int(11) NOT NULL AUTO_INCREMENT,
  `nama` varchar(50) DEFAULT NULL,
  `alamat` varchar(100) DEFAULT NULL,
  `email` varchar(50) DEFAULT NULL,
  `tgl_masuk` date DEFAULT NULL,
  `created_at` datetime DEFAULT current_timestamp(),
  `updated_at` datetime DEFAULT NULL,
  PRIMARY KEY (`id_pelanggan`)
) ENGINE=InnoDB AUTO_INCREMENT=11 DEFAULT CHARSET=utf8mb4 COLLATE=utf8mb4_general_ci;

/*Data for the table `pelanggan` */

insert  into `pelanggan`(`id_pelanggan`,`nama`,`alamat`,`email`,`tgl_masuk`,`created_at`,`updated_at`) values 
(1,'Alice Johnson','Jl. Kebun Binatang No. 123',NULL,'2023-01-01','2024-05-01 00:00:00',NULL),
(2,'Bob Smith','Jl. Gajah Mada No. 456',NULL,'2023-02-05','2024-05-01 00:00:00',NULL),
(3,'Charlie Brown','Jl. Sudirman No. 789',NULL,'2023-03-10','2024-05-01 00:00:00',NULL),
(4,'Diana Williams','Jl. Merdeka No. 1011',NULL,'2023-04-15','2024-05-01 00:00:00',NULL),
(5,'Ethan Taylor','Jl. Pahlawan No. 1213',NULL,'2023-05-20','2024-05-01 00:00:00',NULL),
(6,'Fiona Martinez','Jl. Asia Afrika No. 1415',NULL,'2023-06-25','2024-05-01 00:00:00',NULL),
(7,'George Anderson','Jl. Cikini No. 1617',NULL,'2023-07-30','2024-05-01 00:00:00',NULL),
(8,'Hannah Garcia','Jl. Mangga Besar No. 1819',NULL,'2023-08-01','2024-05-01 00:00:00',NULL),
(9,'Ian Rodriguez','Jl. Salemba No. 2021',NULL,'2023-09-05','2024-05-01 00:00:00',NULL),
(10,'Julia Wilson','Jl. Diponegoro No. 2223',NULL,'2023-10-10','2024-05-01 00:00:00',NULL);

/*Table structure for table `pembelian` */

DROP TABLE IF EXISTS `pembelian`;

CREATE TABLE `pembelian` (
  `id_pembelian` int(11) NOT NULL AUTO_INCREMENT,
  `id_supplier` int(11) DEFAULT NULL,
  `id_karyawan` int(11) DEFAULT NULL,
  `status` enum('pending','success') DEFAULT NULL,
  `subtotal` bigint(20) DEFAULT NULL,
  `created_at` datetime DEFAULT current_timestamp(),
  PRIMARY KEY (`id_pembelian`),
  KEY `id_supplier` (`id_supplier`),
  KEY `id_karyawan` (`id_karyawan`),
  CONSTRAINT `pembelian_ibfk_1` FOREIGN KEY (`id_supplier`) REFERENCES `supplier` (`id_supplier`),
  CONSTRAINT `pembelian_ibfk_2` FOREIGN KEY (`id_karyawan`) REFERENCES `karyawan` (`id_karyawan`)
) ENGINE=InnoDB AUTO_INCREMENT=501 DEFAULT CHARSET=utf8mb4 COLLATE=utf8mb4_general_ci;

/*Data for the table `pembelian` */

insert  into `pembelian`(`id_pembelian`,`id_supplier`,`id_karyawan`,`status`,`subtotal`,`created_at`) values 
(1,3,5,'pending',5000,'2023-04-15 09:30:00'),
(2,7,2,'success',8000,'2023-06-20 14:45:00'),
(3,1,8,'success',3000,'2023-02-10 11:15:00'),
(4,6,10,'pending',7000,'2023-09-05 08:00:00'),
(5,4,3,'pending',2000,'2023-11-12 16:20:00'),
(6,9,1,'success',6000,'2023-07-30 10:00:00'),
(7,5,4,'success',4000,'2023-01-25 13:10:00'),
(8,2,6,'pending',9000,'2023-10-18 15:35:00'),
(9,10,9,'success',10000,'2023-05-08 12:55:00'),
(10,8,7,'pending',1500,'2023-08-22 09:00:00'),
(11,7,9,'success',7300,'2023-11-09 10:30:00'),
(12,5,3,'pending',6100,'2023-06-06 14:15:00'),
(13,4,8,'pending',5200,'2023-09-28 11:45:00'),
(14,6,1,'success',3500,'2023-03-15 08:20:00'),
(15,1,2,'success',4200,'2023-12-01 15:00:00'),
(16,3,10,'pending',9800,'2023-02-24 13:05:00'),
(17,8,4,'pending',2700,'2023-07-17 10:40:00'),
(18,10,5,'success',8400,'2023-04-05 12:25:00'),
(19,2,6,'success',3900,'2023-11-28 14:55:00'),
(20,9,7,'pending',8800,'2023-08-15 09:15:00'),
(21,3,2,'success',7300,'2023-05-10 11:35:00'),
(22,1,8,'pending',6200,'2023-12-06 08:00:00'),
(23,6,10,'pending',5100,'2023-03-02 16:10:00'),
(24,7,3,'success',4700,'2023-10-30 10:20:00'),
(25,5,9,'pending',9400,'2023-01-21 14:45:00'),
(26,2,4,'success',7700,'2023-06-17 09:30:00'),
(27,9,5,'success',3600,'2023-09-13 11:55:00'),
(28,10,1,'pending',3300,'2023-11-18 15:05:00'),
(29,8,7,'pending',7400,'2023-02-14 10:25:00'),
(30,4,6,'success',6700,'2023-08-10 12:50:00'),
(31,6,2,'success',2800,'2023-04-05 14:15:00'),
(32,9,10,'pending',5600,'2023-07-31 11:35:00'),
(33,8,1,'success',4900,'2023-12-27 09:00:00'),
(34,7,5,'success',4500,'2023-05-24 13:20:00'),
(35,3,9,'pending',7800,'2023-10-18 08:45:00'),
(36,2,3,'pending',6500,'2023-01-14 11:10:00'),
(37,5,10,'success',1200,'2023-08-11 16:30:00'),
(38,1,4,'success',5100,'2023-03-08 09:55:00'),
(39,4,7,'pending',6900,'2023-11-04 14:00:00'),
(40,10,8,'pending',4100,'2023-04-01 09:25:00'),
(41,8,6,'success',3700,'2023-06-27 12:50:00'),
(42,3,1,'pending',9500,'2023-10-24 15:15:00'),
(43,5,2,'pending',6800,'2023-02-20 08:40:00'),
(44,9,4,'success',7200,'2023-05-17 11:05:00'),
(45,6,3,'success',3200,'2023-12-13 13:30:00'),
(46,4,8,'pending',3500,'2023-07-10 09:55:00'),
(47,2,9,'pending',8600,'2023-11-06 15:20:00'),
(48,7,10,'success',6300,'2023-03-04 09:45:00'),
(49,1,5,'pending',5900,'2023-08-31 14:10:00'),
(50,10,6,'pending',9800,'2023-01-27 08:35:00'),
(51,8,2,'success',5400,'2023-06-23 10:00:00'),
(52,6,7,'pending',9200,'2023-10-20 14:25:00'),
(53,3,9,'success',7400,'2023-04-16 09:50:00'),
(54,5,1,'pending',4100,'2023-07-13 13:15:00'),
(55,9,4,'success',3700,'2023-12-09 15:40:00'),
(56,4,8,'success',9500,'2023-03-07 08:05:00'),
(57,2,10,'pending',6200,'2023-09-02 11:30:00'),
(58,7,3,'pending',5300,'2023-12-29 15:55:00'),
(59,1,6,'success',7000,'2023-05-26 09:20:00'),
(60,10,2,'success',3600,'2023-02-21 13:45:00'),
(61,8,5,'pending',2800,'2023-07-18 09:10:00'),
(62,6,4,'success',1200,'2023-11-14 11:35:00'),
(63,3,7,'success',4300,'2023-04-11 15:00:00'),
(64,5,9,'pending',9600,'2023-09-07 08:25:00'),
(65,9,1,'pending',3300,'2023-12-04 10:50:00'),
(66,4,10,'success',4800,'2023-03-01 14:15:00'),
(67,2,3,'success',7100,'2023-05-27 08:40:00'),
(68,7,6,'pending',2400,'2023-10-23 12:05:00'),
(69,1,8,'success',9500,'2023-01-19 15:30:00'),
(70,10,5,'pending',8600,'2023-06-14 09:55:00'),
(71,8,2,'success',1400,'2023-09-10 14:20:00'),
(72,6,7,'success',4800,'2023-12-06 08:45:00'),
(73,3,9,'pending',7800,'2023-04-03 10:10:00'),
(74,5,1,'pending',6900,'2023-06-29 14:35:00'),
(75,9,4,'success',3100,'2023-10-25 09:00:00'),
(76,4,8,'pending',2500,'2023-01-21 12:25:00'),
(77,2,9,'pending',6300,'2023-07-17 15:50:00'),
(78,7,10,'success',8900,'2023-11-12 09:15:00'),
(79,1,5,'success',4200,'2023-03-09 11:40:00'),
(80,10,6,'pending',7800,'2023-05-06 15:05:00'),
(81,8,2,'success',6500,'2023-10-02 08:30:00'),
(82,6,7,'pending',3700,'2023-12-28 10:55:00'),
(83,3,9,'success',1300,'2023-02-23 14:20:00'),
(84,5,1,'pending',8900,'2023-06-21 08:45:00'),
(85,9,4,'success',2500,'2023-09-17 12:10:00'),
(86,4,8,'pending',6200,'2023-12-13 15:35:00'),
(87,2,9,'pending',5300,'2023-04-08 09:00:00'),
(88,7,10,'success',7900,'2023-07-05 11:25:00'),
(89,1,5,'success',4400,'2023-10-30 13:50:00'),
(90,10,6,'pending',8300,'2023-02-24 16:15:00'),
(91,8,2,'success',1700,'2023-05-22 08:40:00'),
(92,6,7,'success',4900,'2023-08-18 12:05:00'),
(93,3,9,'pending',7900,'2023-12-13 15:30:00'),
(94,5,1,'pending',6300,'2023-02-07 09:55:00'),
(95,9,4,'success',3200,'2023-05-06 14:20:00'),
(96,4,8,'pending',2600,'2023-10-03 08:45:00'),
(97,2,9,'pending',6400,'2023-12-28 11:10:00'),
(98,7,10,'success',9100,'2023-03-25 15:35:00'),
(99,1,5,'success',4500,'2023-06-21 09:00:00'),
(100,10,6,'pending',8800,'2023-09-16 11:25:00'),
(101,3,5,'pending',5000,'2023-04-15 09:30:00'),
(102,7,2,'success',8000,'2023-06-20 14:45:00'),
(103,1,8,'success',3000,'2023-02-10 11:15:00'),
(104,6,10,'pending',7000,'2023-09-05 08:00:00'),
(105,4,3,'pending',2000,'2023-11-12 16:20:00'),
(106,9,1,'success',6000,'2023-07-30 10:00:00'),
(107,5,4,'success',4000,'2023-01-25 13:10:00'),
(108,2,6,'pending',9000,'2023-10-18 15:35:00'),
(109,10,9,'success',10000,'2023-05-08 12:55:00'),
(110,8,7,'pending',1500,'2023-08-22 09:00:00'),
(111,7,9,'success',7300,'2023-11-09 10:30:00'),
(112,5,3,'pending',6100,'2023-06-06 14:15:00'),
(113,4,8,'pending',5200,'2023-09-28 11:45:00'),
(114,6,1,'success',3500,'2023-03-15 08:20:00'),
(115,1,2,'success',4200,'2023-12-01 15:00:00'),
(116,3,10,'pending',9800,'2023-02-24 13:05:00'),
(117,8,4,'pending',2700,'2023-07-17 10:40:00'),
(118,10,5,'success',8400,'2023-04-05 12:25:00'),
(119,2,6,'success',3900,'2023-11-28 14:55:00'),
(120,9,7,'pending',8800,'2023-08-15 09:15:00'),
(121,3,2,'success',7300,'2023-05-10 11:35:00'),
(122,1,8,'pending',6200,'2023-12-06 08:00:00'),
(123,6,10,'pending',5100,'2023-03-02 16:10:00'),
(124,7,3,'success',4700,'2023-10-30 10:20:00'),
(125,5,9,'pending',9400,'2023-01-21 14:45:00'),
(126,2,4,'success',7700,'2023-06-17 09:30:00'),
(127,9,5,'success',3600,'2023-09-13 11:55:00'),
(128,10,1,'pending',3300,'2023-11-18 15:05:00'),
(129,8,7,'pending',7400,'2023-02-14 10:25:00'),
(130,4,6,'success',6700,'2023-08-10 12:50:00'),
(131,2,8,'success',2800,'2023-05-05 14:15:00'),
(132,10,3,'pending',5600,'2023-07-31 11:35:00'),
(133,9,1,'success',4900,'2023-12-27 09:00:00'),
(134,7,5,'success',4500,'2023-05-24 13:20:00'),
(135,3,9,'pending',7800,'2023-10-18 08:45:00'),
(136,2,3,'pending',6500,'2023-01-14 11:10:00'),
(137,5,10,'success',1200,'2023-08-11 16:30:00'),
(138,1,4,'success',5100,'2023-03-08 09:55:00'),
(139,4,7,'pending',6900,'2023-11-04 14:00:00'),
(140,10,8,'pending',4100,'2023-04-01 09:25:00'),
(141,8,6,'success',3700,'2023-06-27 12:50:00'),
(142,3,1,'pending',9500,'2023-10-24 15:15:00'),
(143,5,2,'pending',6800,'2023-02-20 08:40:00'),
(144,9,4,'success',7200,'2023-05-17 11:05:00'),
(145,6,3,'success',3200,'2023-12-13 13:30:00'),
(146,4,8,'pending',3500,'2023-07-10 09:55:00'),
(147,2,9,'pending',8600,'2023-11-06 15:20:00'),
(148,7,10,'success',6300,'2023-03-04 09:45:00'),
(149,1,5,'pending',5900,'2023-08-31 14:10:00'),
(150,10,6,'pending',9800,'2023-01-27 08:35:00'),
(151,8,2,'success',5400,'2023-06-23 10:00:00'),
(152,6,7,'pending',9200,'2023-10-20 14:25:00'),
(153,3,9,'success',7400,'2023-04-16 09:50:00'),
(154,5,1,'pending',4100,'2023-07-13 13:15:00'),
(155,9,4,'success',3700,'2023-12-09 15:40:00'),
(156,4,8,'success',9500,'2023-03-07 08:05:00'),
(157,2,10,'pending',6200,'2023-09-02 11:30:00'),
(158,7,3,'pending',5300,'2023-12-29 15:55:00'),
(159,1,6,'success',7000,'2023-05-26 09:20:00'),
(160,10,2,'success',3600,'2023-02-21 13:45:00'),
(161,8,5,'pending',2800,'2023-07-18 09:10:00'),
(162,6,4,'success',1200,'2023-11-14 11:35:00'),
(163,3,7,'success',4300,'2023-04-11 15:00:00'),
(164,5,9,'pending',9600,'2023-09-07 08:25:00'),
(165,9,1,'pending',3300,'2023-12-04 10:50:00'),
(166,4,10,'success',4800,'2023-03-01 14:15:00'),
(167,2,3,'success',7100,'2023-05-27 08:40:00'),
(168,7,6,'pending',2400,'2023-10-23 12:05:00'),
(169,1,8,'success',9500,'2023-01-19 15:30:00'),
(170,10,5,'pending',8600,'2023-06-14 09:55:00'),
(171,8,2,'success',1400,'2023-09-10 14:20:00'),
(172,6,7,'success',4800,'2023-12-06 08:45:00'),
(173,3,9,'pending',7800,'2023-04-03 10:10:00'),
(174,5,1,'pending',6900,'2023-06-29 14:35:00'),
(175,9,4,'success',3100,'2023-10-25 09:00:00'),
(176,4,8,'pending',2500,'2023-01-21 12:25:00'),
(177,2,9,'pending',6300,'2023-07-17 15:50:00'),
(178,7,10,'success',8900,'2023-11-12 09:15:00'),
(179,1,5,'success',4200,'2023-03-09 11:40:00'),
(180,10,6,'pending',7800,'2023-05-06 15:05:00'),
(181,8,2,'success',6500,'2023-10-02 08:30:00'),
(182,6,7,'pending',3700,'2023-12-28 10:55:00'),
(183,3,9,'success',1300,'2023-02-23 14:20:00'),
(184,5,1,'pending',8900,'2023-06-21 08:45:00'),
(185,9,4,'success',2500,'2023-09-17 12:10:00'),
(186,4,8,'pending',6200,'2023-12-13 15:35:00'),
(187,2,9,'pending',5300,'2023-04-08 09:00:00'),
(188,7,10,'success',7900,'2023-07-05 11:25:00'),
(189,1,5,'success',4400,'2023-10-30 13:50:00'),
(190,10,6,'pending',8300,'2023-02-24 16:15:00'),
(191,8,2,'success',1700,'2023-05-22 08:40:00'),
(192,6,7,'success',4900,'2023-08-18 12:05:00'),
(193,3,9,'pending',7900,'2023-12-13 15:30:00'),
(194,5,1,'pending',6300,'2023-02-07 09:55:00'),
(195,9,4,'success',3200,'2023-05-06 14:20:00'),
(196,4,8,'pending',2600,'2023-10-03 08:45:00'),
(197,2,9,'pending',6400,'2023-12-28 11:10:00'),
(198,7,10,'success',9100,'2023-03-25 15:35:00'),
(199,1,5,'success',4500,'2023-06-21 09:00:00'),
(200,10,6,'pending',8800,'2023-09-16 11:25:00'),
(201,3,5,'pending',5000,'2023-04-15 09:30:00'),
(202,7,2,'success',8000,'2023-06-20 14:45:00'),
(203,1,8,'success',3000,'2023-02-10 11:15:00'),
(204,6,10,'pending',7000,'2023-09-05 08:00:00'),
(205,4,3,'pending',2000,'2023-11-12 16:20:00'),
(206,9,1,'success',6000,'2023-07-30 10:00:00'),
(207,5,4,'success',4000,'2023-01-25 13:10:00'),
(208,2,6,'pending',9000,'2023-10-18 15:35:00'),
(209,10,9,'success',10000,'2023-05-08 12:55:00'),
(210,8,7,'pending',1500,'2023-08-22 09:00:00'),
(211,7,9,'success',7300,'2023-11-09 10:30:00'),
(212,5,3,'pending',6100,'2023-06-06 14:15:00'),
(213,4,8,'pending',5200,'2023-09-28 11:45:00'),
(214,6,1,'success',3500,'2023-03-15 08:20:00'),
(215,1,2,'success',4200,'2023-12-01 15:00:00'),
(216,3,10,'pending',9800,'2023-02-24 13:05:00'),
(217,8,4,'pending',2700,'2023-07-17 10:40:00'),
(218,10,5,'success',8400,'2023-04-05 12:25:00'),
(219,2,6,'success',3900,'2023-11-28 14:55:00'),
(220,9,7,'pending',8800,'2023-08-15 09:15:00'),
(221,3,2,'success',7300,'2023-05-10 11:35:00'),
(222,1,8,'pending',6200,'2023-12-06 08:00:00'),
(223,6,10,'pending',5100,'2023-03-02 16:10:00'),
(224,7,3,'success',4700,'2023-10-30 10:20:00'),
(225,5,9,'pending',9400,'2023-01-21 14:45:00'),
(226,2,4,'success',7700,'2023-06-17 09:30:00'),
(227,9,5,'success',3600,'2023-09-13 11:55:00'),
(228,10,1,'pending',3300,'2023-11-18 15:05:00'),
(229,8,7,'pending',7400,'2023-02-14 10:25:00'),
(230,4,6,'success',6700,'2023-08-10 12:50:00'),
(231,2,8,'success',2800,'2023-05-05 14:15:00'),
(232,10,3,'pending',5600,'2023-07-31 11:35:00'),
(233,9,1,'success',4900,'2023-12-27 09:00:00'),
(234,7,5,'success',4500,'2023-05-24 13:20:00'),
(235,3,9,'pending',7800,'2023-10-18 08:45:00'),
(236,2,3,'pending',6500,'2023-01-14 11:10:00'),
(237,5,10,'success',1200,'2023-08-11 16:30:00'),
(238,1,4,'success',5100,'2023-03-08 09:55:00'),
(239,4,7,'pending',6900,'2023-11-04 14:00:00'),
(240,10,8,'pending',4100,'2023-04-01 09:25:00'),
(241,8,6,'success',3700,'2023-06-27 12:50:00'),
(242,3,1,'pending',9500,'2023-10-24 15:15:00'),
(243,5,2,'pending',6800,'2023-02-20 08:40:00'),
(244,9,4,'success',7200,'2023-05-17 11:05:00'),
(245,6,3,'success',3200,'2023-12-13 13:30:00'),
(246,4,8,'pending',3500,'2023-07-10 09:55:00'),
(247,2,9,'pending',8600,'2023-11-06 15:20:00'),
(248,7,10,'success',6300,'2023-03-04 09:45:00'),
(249,1,5,'pending',5900,'2023-08-31 14:10:00'),
(250,10,6,'pending',9800,'2023-01-27 08:35:00'),
(251,8,2,'success',5400,'2023-06-23 10:00:00'),
(252,6,7,'pending',9200,'2023-10-20 14:25:00'),
(253,3,9,'success',7400,'2023-04-16 09:50:00'),
(254,5,1,'pending',4100,'2023-07-13 13:15:00'),
(255,9,4,'success',3700,'2023-12-09 15:40:00'),
(256,4,8,'success',9500,'2023-03-07 08:05:00'),
(257,2,10,'pending',6200,'2023-09-02 11:30:00'),
(258,7,3,'pending',5300,'2023-12-29 15:55:00'),
(259,1,6,'success',7000,'2023-05-26 09:20:00'),
(260,10,2,'success',3600,'2023-02-21 13:45:00'),
(261,8,5,'pending',2800,'2023-07-18 09:10:00'),
(262,6,4,'success',1200,'2023-11-14 11:35:00'),
(263,3,7,'success',4300,'2023-04-11 15:00:00'),
(264,5,9,'pending',9600,'2023-09-07 08:25:00'),
(265,9,1,'pending',3300,'2023-12-04 10:50:00'),
(266,4,10,'success',4800,'2023-03-01 14:15:00'),
(267,2,3,'success',7100,'2023-05-27 08:40:00'),
(268,7,6,'pending',2400,'2023-10-23 12:05:00'),
(269,1,8,'success',9500,'2023-01-19 15:30:00'),
(270,10,5,'pending',8600,'2023-06-14 09:55:00'),
(271,8,2,'success',1400,'2023-09-10 14:20:00'),
(272,6,7,'success',4800,'2023-12-06 08:45:00'),
(273,3,9,'pending',7800,'2023-04-03 10:10:00'),
(274,5,1,'pending',6900,'2023-06-29 14:35:00'),
(275,9,4,'success',3100,'2023-10-25 09:00:00'),
(276,4,8,'pending',2500,'2023-01-21 12:25:00'),
(277,2,9,'pending',6300,'2023-07-17 15:50:00'),
(278,7,10,'success',8900,'2023-11-12 09:15:00'),
(279,1,5,'success',4200,'2023-03-09 11:40:00'),
(280,10,6,'pending',7800,'2023-05-06 15:05:00'),
(281,8,2,'success',6500,'2023-10-02 08:30:00'),
(282,6,7,'pending',3700,'2023-12-28 10:55:00'),
(283,3,9,'success',1300,'2023-02-23 14:20:00'),
(284,5,1,'pending',8900,'2023-06-21 08:45:00'),
(285,9,4,'success',2500,'2023-09-17 12:10:00'),
(286,4,8,'pending',6200,'2023-12-13 15:35:00'),
(287,2,9,'pending',5300,'2023-04-08 09:00:00'),
(288,7,10,'success',7900,'2023-07-05 11:25:00'),
(289,1,5,'success',4400,'2023-10-30 13:50:00'),
(290,10,6,'pending',8300,'2023-02-24 16:15:00'),
(291,8,2,'success',1700,'2023-05-22 08:40:00'),
(292,6,7,'success',4900,'2023-08-18 12:05:00'),
(293,3,9,'pending',7900,'2023-12-13 15:30:00'),
(294,5,1,'pending',6300,'2023-02-07 09:55:00'),
(295,9,4,'success',3200,'2023-05-06 14:20:00'),
(296,4,8,'pending',2600,'2023-10-03 08:45:00'),
(297,2,9,'pending',6400,'2023-12-28 11:10:00'),
(298,7,10,'success',9100,'2023-03-25 15:35:00'),
(299,1,5,'success',4500,'2023-06-21 09:00:00'),
(300,10,6,'pending',8800,'2023-09-16 11:25:00'),
(301,3,5,'pending',5000,'2023-04-15 09:30:00'),
(302,7,2,'success',8000,'2023-06-20 14:45:00'),
(303,1,8,'success',3000,'2023-02-10 11:15:00'),
(304,6,10,'pending',7000,'2023-09-05 08:00:00'),
(305,4,3,'pending',2000,'2023-11-12 16:20:00'),
(306,9,1,'success',6000,'2023-07-30 10:00:00'),
(307,5,4,'success',4000,'2023-01-25 13:10:00'),
(308,2,6,'pending',9000,'2023-10-18 15:35:00'),
(309,10,9,'success',10000,'2023-05-08 12:55:00'),
(310,8,7,'pending',1500,'2023-08-22 09:00:00'),
(311,7,9,'success',7300,'2023-11-09 10:30:00'),
(312,5,3,'pending',6100,'2023-06-06 14:15:00'),
(313,4,8,'pending',5200,'2023-09-28 11:45:00'),
(314,6,1,'success',3500,'2023-03-15 08:20:00'),
(315,1,2,'success',4200,'2023-12-01 15:00:00'),
(316,3,10,'pending',9800,'2023-02-24 13:05:00'),
(317,8,4,'pending',2700,'2023-07-17 10:40:00'),
(318,10,5,'success',8400,'2023-04-05 12:25:00'),
(319,2,6,'success',3900,'2023-11-28 14:55:00'),
(320,9,7,'pending',8800,'2023-08-15 09:15:00'),
(321,3,2,'success',7300,'2023-05-10 11:35:00'),
(322,1,8,'pending',6200,'2023-12-06 08:00:00'),
(323,6,10,'pending',5100,'2023-03-02 16:10:00'),
(324,7,3,'success',4700,'2023-10-30 10:20:00'),
(325,5,9,'pending',9400,'2023-01-21 14:45:00'),
(326,2,4,'success',7700,'2023-06-17 09:30:00'),
(327,9,5,'success',3600,'2023-09-13 11:55:00'),
(328,10,1,'pending',3300,'2023-11-18 15:05:00'),
(329,8,7,'pending',7400,'2023-02-14 10:25:00'),
(330,4,6,'success',6700,'2023-08-10 12:50:00'),
(331,2,8,'success',2800,'2023-05-05 14:15:00'),
(332,10,3,'pending',5600,'2023-07-31 11:35:00'),
(333,9,1,'success',4900,'2023-12-27 09:00:00'),
(334,7,5,'success',4500,'2023-05-24 13:20:00'),
(335,3,9,'pending',7800,'2023-10-18 08:45:00'),
(336,2,3,'pending',6500,'2023-01-14 11:10:00'),
(337,5,10,'success',1200,'2023-08-11 16:30:00'),
(338,1,4,'success',5100,'2023-03-08 09:55:00'),
(339,4,7,'pending',6900,'2023-11-04 14:00:00'),
(340,10,8,'pending',4100,'2023-04-01 09:25:00'),
(341,8,6,'success',3700,'2023-06-27 12:50:00'),
(342,3,1,'pending',9500,'2023-10-24 15:15:00'),
(343,5,2,'pending',6800,'2023-02-20 08:40:00'),
(344,9,4,'success',7200,'2023-05-17 11:05:00'),
(345,6,3,'success',3200,'2023-12-13 13:30:00'),
(346,4,8,'pending',3500,'2023-07-10 09:55:00'),
(347,2,9,'pending',8600,'2023-11-06 15:20:00'),
(348,7,10,'success',6300,'2023-03-04 09:45:00'),
(349,1,5,'pending',5900,'2023-08-31 14:10:00'),
(350,10,6,'pending',9800,'2023-01-27 08:35:00'),
(351,8,2,'success',5400,'2023-06-23 10:00:00'),
(352,6,7,'pending',9200,'2023-10-20 14:25:00'),
(353,3,9,'success',7400,'2023-04-16 09:50:00'),
(354,5,1,'pending',4100,'2023-07-13 13:15:00'),
(355,9,4,'success',3700,'2023-12-09 15:40:00'),
(356,4,8,'success',9500,'2023-03-07 08:05:00'),
(357,2,10,'pending',6200,'2023-09-02 11:30:00'),
(358,7,3,'pending',5300,'2023-12-29 15:55:00'),
(359,1,6,'success',7000,'2023-05-26 09:20:00'),
(360,10,2,'success',3600,'2023-02-21 13:45:00'),
(361,8,5,'pending',2800,'2023-07-18 09:10:00'),
(362,6,4,'success',1200,'2023-11-14 11:35:00'),
(363,3,7,'success',4300,'2023-04-11 15:00:00'),
(364,5,9,'pending',9600,'2023-09-07 08:25:00'),
(365,9,1,'pending',3300,'2023-12-04 10:50:00'),
(366,4,10,'success',4800,'2023-03-01 14:15:00'),
(367,2,3,'success',7100,'2023-05-27 08:40:00'),
(368,7,6,'pending',2400,'2023-10-23 12:05:00'),
(369,1,8,'success',9500,'2023-01-19 15:30:00'),
(370,10,5,'pending',8600,'2023-06-14 09:55:00'),
(371,8,2,'success',1400,'2023-09-10 14:20:00'),
(372,6,7,'success',4800,'2023-12-06 08:45:00'),
(373,3,9,'pending',7800,'2023-04-03 10:10:00'),
(374,5,1,'pending',6900,'2023-06-29 14:35:00'),
(375,9,4,'success',3100,'2023-10-25 09:00:00'),
(376,4,8,'pending',2500,'2023-01-21 12:25:00'),
(377,2,9,'pending',6300,'2023-07-17 15:50:00'),
(378,7,10,'success',8900,'2023-11-12 09:15:00'),
(379,1,5,'success',4200,'2023-03-09 11:40:00'),
(380,10,6,'pending',7800,'2023-05-06 15:05:00'),
(381,8,2,'success',6500,'2023-10-02 08:30:00'),
(382,6,7,'pending',3700,'2023-12-28 10:55:00'),
(383,3,9,'success',1300,'2023-02-23 14:20:00'),
(384,5,1,'pending',8900,'2023-06-21 08:45:00'),
(385,9,4,'success',2500,'2023-09-17 12:10:00'),
(386,4,8,'pending',6200,'2023-12-13 15:35:00'),
(387,2,9,'pending',5300,'2023-04-08 09:00:00'),
(388,7,10,'success',7900,'2023-07-05 11:25:00'),
(389,1,5,'success',4400,'2023-10-30 13:50:00'),
(390,10,6,'pending',8300,'2023-02-24 16:15:00'),
(391,8,2,'success',1700,'2023-05-22 08:40:00'),
(392,6,7,'success',4900,'2023-08-18 12:05:00'),
(393,3,9,'pending',7900,'2023-12-13 15:30:00'),
(394,5,1,'pending',6300,'2023-02-07 09:55:00'),
(395,9,4,'success',3200,'2023-05-06 14:20:00'),
(396,4,8,'pending',2600,'2023-10-03 08:45:00'),
(397,2,9,'pending',6400,'2023-12-28 11:10:00'),
(398,7,10,'success',9100,'2023-03-25 15:35:00'),
(399,1,5,'success',4500,'2023-06-21 09:00:00'),
(400,10,6,'pending',8800,'2023-09-16 11:25:00'),
(401,3,5,'pending',5000,'2023-04-15 09:30:00'),
(402,7,2,'success',8000,'2023-06-20 14:45:00'),
(403,1,8,'success',3000,'2023-02-10 11:15:00'),
(404,6,10,'pending',7000,'2023-09-05 08:00:00'),
(405,4,3,'pending',2000,'2023-11-12 16:20:00'),
(406,9,1,'success',6000,'2023-07-30 10:00:00'),
(407,5,4,'success',4000,'2023-01-25 13:10:00'),
(408,2,6,'pending',9000,'2023-10-18 15:35:00'),
(409,10,9,'success',10000,'2023-05-08 12:55:00'),
(410,8,7,'pending',1500,'2023-08-22 09:00:00'),
(411,7,9,'success',7300,'2023-11-09 10:30:00'),
(412,5,3,'pending',6100,'2023-06-06 14:15:00'),
(413,4,8,'pending',5200,'2023-09-28 11:45:00'),
(414,6,1,'success',3500,'2023-03-15 08:20:00'),
(415,1,2,'success',4200,'2023-12-01 15:00:00'),
(416,3,10,'pending',9800,'2023-02-24 13:05:00'),
(417,8,4,'pending',2700,'2023-07-17 10:40:00'),
(418,10,5,'success',8400,'2023-04-05 12:25:00'),
(419,2,6,'success',3900,'2023-11-28 14:55:00'),
(420,9,7,'pending',8800,'2023-08-15 09:15:00'),
(421,3,2,'success',7300,'2023-05-10 11:35:00'),
(422,1,8,'pending',6200,'2023-12-06 08:00:00'),
(423,6,10,'pending',5100,'2023-03-02 16:10:00'),
(424,7,3,'success',4700,'2023-10-30 10:20:00'),
(425,5,9,'pending',9400,'2023-01-21 14:45:00'),
(426,2,4,'success',7700,'2023-06-17 09:30:00'),
(427,9,5,'success',3600,'2023-09-13 11:55:00'),
(428,10,1,'pending',3300,'2023-11-18 15:05:00'),
(429,8,7,'pending',7400,'2023-02-14 10:25:00'),
(430,4,6,'success',6700,'2023-08-10 12:50:00'),
(431,2,8,'success',2800,'2023-05-05 14:15:00'),
(432,10,3,'pending',5600,'2023-07-31 11:35:00'),
(433,9,1,'success',4900,'2023-12-27 09:00:00'),
(434,7,5,'success',4500,'2023-05-24 13:20:00'),
(435,3,9,'pending',7800,'2023-10-18 08:45:00'),
(436,2,3,'pending',6500,'2023-01-14 11:10:00'),
(437,5,10,'success',1200,'2023-08-11 16:30:00'),
(438,1,4,'success',5100,'2023-03-08 09:55:00'),
(439,4,7,'pending',6900,'2023-11-04 14:00:00'),
(440,10,8,'pending',4100,'2023-04-01 09:25:00'),
(441,8,6,'success',3700,'2023-06-27 12:50:00'),
(442,3,1,'pending',9500,'2023-10-24 15:15:00'),
(443,5,2,'pending',6800,'2023-02-20 08:40:00'),
(444,9,4,'success',7200,'2023-05-17 11:05:00'),
(445,6,3,'success',3200,'2023-12-13 13:30:00'),
(446,4,8,'pending',3500,'2023-07-10 09:55:00'),
(447,2,9,'pending',8600,'2023-11-06 15:20:00'),
(448,7,10,'success',6300,'2023-03-04 09:45:00'),
(449,1,5,'pending',5900,'2023-08-31 14:10:00'),
(450,10,6,'pending',9800,'2023-01-27 08:35:00'),
(451,8,2,'success',5400,'2023-06-23 10:00:00'),
(452,6,7,'pending',9200,'2023-10-20 14:25:00'),
(453,3,9,'success',7400,'2023-04-16 09:50:00'),
(454,5,1,'pending',4100,'2023-07-13 13:15:00'),
(455,9,4,'success',3700,'2023-12-09 15:40:00'),
(456,4,8,'success',9500,'2023-03-07 08:05:00'),
(457,2,10,'pending',6200,'2023-09-02 11:30:00'),
(458,7,3,'pending',5300,'2023-12-29 15:55:00'),
(459,1,6,'success',7000,'2023-05-26 09:20:00'),
(460,10,2,'success',3600,'2023-02-21 13:45:00'),
(461,8,5,'pending',2800,'2023-07-18 09:10:00'),
(462,6,4,'success',1200,'2023-11-14 11:35:00'),
(463,3,7,'success',4300,'2023-04-11 15:00:00'),
(464,5,9,'pending',9600,'2023-09-07 08:25:00'),
(465,9,1,'pending',3300,'2023-12-04 10:50:00'),
(466,4,10,'success',4800,'2023-03-01 14:15:00'),
(467,2,3,'success',7100,'2023-05-27 08:40:00'),
(468,7,6,'pending',2400,'2023-10-23 12:05:00'),
(469,1,8,'success',9500,'2023-01-19 15:30:00'),
(470,10,5,'pending',8600,'2023-06-14 09:55:00'),
(471,8,2,'success',1400,'2023-09-10 14:20:00'),
(472,6,7,'success',4800,'2023-12-06 08:45:00'),
(473,3,9,'pending',7800,'2023-04-03 10:10:00'),
(474,5,1,'pending',6900,'2023-06-29 14:35:00'),
(475,9,4,'success',3100,'2023-10-25 09:00:00'),
(476,4,8,'pending',2500,'2023-01-21 12:25:00'),
(477,2,9,'pending',6300,'2023-07-17 15:50:00'),
(478,7,10,'success',8900,'2023-11-12 09:15:00'),
(479,1,5,'success',4200,'2023-03-09 11:40:00'),
(480,10,6,'pending',7800,'2023-05-06 15:05:00'),
(481,8,2,'success',6500,'2023-10-02 08:30:00'),
(482,6,7,'pending',3700,'2023-12-28 10:55:00'),
(483,3,9,'success',1300,'2023-02-23 14:20:00'),
(484,5,1,'pending',8900,'2023-06-21 08:45:00'),
(485,9,4,'success',2500,'2023-09-17 12:10:00'),
(486,4,8,'pending',6200,'2023-12-13 15:35:00'),
(487,2,9,'pending',5300,'2023-04-08 09:00:00'),
(488,7,10,'success',7900,'2023-07-05 11:25:00'),
(489,1,5,'success',4400,'2023-10-30 13:50:00'),
(490,10,6,'pending',8300,'2023-02-24 16:15:00'),
(491,8,2,'success',1700,'2023-05-22 08:40:00'),
(492,6,7,'success',4900,'2023-08-18 12:05:00'),
(493,3,9,'pending',7900,'2023-12-13 15:30:00'),
(494,5,1,'pending',6300,'2023-02-07 09:55:00'),
(495,9,4,'success',3200,'2023-05-06 14:20:00'),
(496,4,8,'pending',2600,'2023-10-03 08:45:00'),
(497,2,9,'pending',6400,'2023-12-28 11:10:00'),
(498,7,10,'success',9100,'2023-03-25 15:35:00'),
(499,1,5,'success',4500,'2023-06-21 09:00:00'),
(500,10,6,'pending',8800,'2023-09-16 11:25:00');

/*Table structure for table `penjualan` */

DROP TABLE IF EXISTS `penjualan`;

CREATE TABLE `penjualan` (
  `id_penjualan` int(11) NOT NULL AUTO_INCREMENT,
  `id_pelanggan` int(11) DEFAULT NULL,
  `id_karyawan` int(11) DEFAULT NULL,
  `status` enum('pending','success') DEFAULT NULL,
  `subtotal` bigint(20) DEFAULT NULL,
  `created_at` datetime DEFAULT current_timestamp(),
  PRIMARY KEY (`id_penjualan`),
  KEY `id_pelanggan` (`id_pelanggan`),
  KEY `id_karyawan` (`id_karyawan`),
  CONSTRAINT `penjualan_ibfk_1` FOREIGN KEY (`id_pelanggan`) REFERENCES `pelanggan` (`id_pelanggan`),
  CONSTRAINT `penjualan_ibfk_2` FOREIGN KEY (`id_karyawan`) REFERENCES `karyawan` (`id_karyawan`)
) ENGINE=InnoDB AUTO_INCREMENT=501 DEFAULT CHARSET=utf8mb4 COLLATE=utf8mb4_general_ci;

/*Data for the table `penjualan` */

insert  into `penjualan`(`id_penjualan`,`id_pelanggan`,`id_karyawan`,`status`,`subtotal`,`created_at`) values 
(1,1,1,'pending',100,'2024-05-01 08:00:00'),
(2,2,2,'success',150,'2024-05-01 09:00:00'),
(3,3,3,'pending',200,'2024-05-01 10:00:00'),
(4,4,4,'success',120,'2024-05-01 11:00:00'),
(5,5,5,'pending',180,'2024-05-01 12:00:00'),
(6,6,6,'success',90,'2024-05-01 13:00:00'),
(7,7,7,'pending',210,'2024-05-01 14:00:00'),
(8,8,8,'success',130,'2024-05-01 15:00:00'),
(9,9,9,'pending',160,'2024-05-01 16:00:00'),
(10,10,10,'success',140,'2024-05-01 17:00:00'),
(11,1,1,'pending',170,'2024-05-01 18:00:00'),
(12,2,2,'success',190,'2024-05-01 19:00:00'),
(13,3,3,'pending',200,'2024-05-01 20:00:00'),
(14,4,4,'success',220,'2024-05-01 21:00:00'),
(15,5,5,'pending',230,'2024-05-01 22:00:00'),
(16,6,6,'success',240,'2024-05-01 23:00:00'),
(17,7,7,'pending',250,'2024-05-01 23:59:59'),
(18,8,8,'success',260,'2024-05-02 00:59:59'),
(19,9,9,'pending',270,'2024-05-02 01:59:59'),
(20,10,10,'success',280,'2024-05-02 02:59:59'),
(21,1,1,'pending',290,'2024-05-02 03:59:59'),
(22,2,2,'success',300,'2024-05-02 04:59:59'),
(23,3,3,'pending',310,'2024-05-02 05:59:59'),
(24,4,4,'success',320,'2024-05-02 06:59:59'),
(25,5,5,'pending',330,'2024-05-02 07:59:59'),
(26,6,6,'success',340,'2024-05-02 08:59:59'),
(27,7,7,'pending',350,'2024-05-02 09:59:59'),
(28,8,8,'success',360,'2024-05-02 10:59:59'),
(29,9,9,'pending',370,'2024-05-02 11:59:59'),
(30,10,10,'success',380,'2024-05-02 12:59:59'),
(31,1,1,'pending',390,'2024-05-02 13:59:59'),
(32,2,2,'success',400,'2024-05-02 14:59:59'),
(33,3,3,'pending',410,'2024-05-02 15:59:59'),
(34,4,4,'success',420,'2024-05-02 16:59:59'),
(35,5,5,'pending',430,'2024-05-02 17:59:59'),
(36,6,6,'success',440,'2024-05-02 18:59:59'),
(37,7,7,'pending',450,'2024-05-02 19:59:59'),
(38,8,8,'success',460,'2024-05-02 20:59:59'),
(39,9,9,'pending',470,'2024-05-02 21:59:59'),
(40,10,10,'success',480,'2024-05-02 22:59:59'),
(41,1,1,'pending',490,'2024-05-02 23:59:59'),
(42,2,2,'success',500,'2024-05-03 00:59:59'),
(43,3,3,'pending',510,'2024-05-03 01:59:59'),
(44,4,4,'success',520,'2024-05-03 02:59:59'),
(45,5,5,'pending',530,'2024-05-03 03:59:59'),
(46,6,6,'success',540,'2024-05-03 04:59:59'),
(47,7,7,'pending',550,'2024-05-03 05:59:59'),
(48,8,8,'success',560,'2024-05-03 06:59:59'),
(49,9,9,'pending',570,'2024-05-03 07:59:59'),
(50,10,10,'success',580,'2024-05-03 08:59:59'),
(51,1,1,'pending',590,'2024-05-03 09:59:59'),
(52,2,2,'success',600,'2024-05-03 10:59:59'),
(53,3,3,'pending',610,'2024-05-03 11:59:59'),
(54,4,4,'success',620,'2024-05-03 12:59:59'),
(55,5,5,'pending',630,'2024-05-03 13:59:59'),
(56,6,6,'success',640,'2024-05-03 14:59:59'),
(57,7,7,'pending',650,'2024-05-03 15:59:59'),
(58,8,8,'success',660,'2024-05-03 16:59:59'),
(59,9,9,'pending',670,'2024-05-03 17:59:59'),
(60,10,10,'success',680,'2024-05-03 18:59:59'),
(61,1,1,'pending',690,'2024-05-03 19:59:59'),
(62,2,2,'success',700,'2024-05-03 20:59:59'),
(63,3,3,'pending',710,'2024-05-03 21:59:59'),
(64,4,4,'success',720,'2024-05-03 22:59:59'),
(65,5,5,'pending',730,'2024-05-03 23:59:59'),
(66,6,6,'success',740,'2024-05-04 00:59:59'),
(67,7,7,'pending',750,'2024-05-04 01:59:59'),
(68,8,8,'success',760,'2024-05-04 02:59:59'),
(69,9,9,'pending',770,'2024-05-04 03:59:59'),
(70,10,10,'success',780,'2024-05-04 04:59:59'),
(71,1,1,'pending',790,'2024-05-04 05:59:59'),
(72,2,2,'success',800,'2024-05-04 06:59:59'),
(73,3,3,'pending',810,'2024-05-04 07:59:59'),
(74,4,4,'success',820,'2024-05-04 08:59:59'),
(75,5,5,'pending',830,'2024-05-04 09:59:59'),
(76,6,6,'success',840,'2024-05-04 10:59:59'),
(77,7,7,'pending',850,'2024-05-04 11:59:59'),
(78,8,8,'success',860,'2024-05-04 12:59:59'),
(79,9,9,'pending',870,'2024-05-04 13:59:59'),
(80,10,10,'success',880,'2024-05-04 14:59:59'),
(81,1,1,'pending',890,'2024-05-04 15:59:59'),
(82,2,2,'success',900,'2024-05-04 16:59:59'),
(83,3,3,'pending',910,'2024-05-04 17:59:59'),
(84,4,4,'success',920,'2024-05-04 18:59:59'),
(85,5,5,'pending',930,'2024-05-04 19:59:59'),
(86,6,6,'success',940,'2024-05-04 20:59:59'),
(87,7,7,'pending',950,'2024-05-04 21:59:59'),
(88,8,8,'success',960,'2024-05-04 22:59:59'),
(89,9,9,'pending',970,'2024-05-04 23:59:59'),
(90,10,10,'success',980,'2024-05-05 00:59:59'),
(91,1,1,'pending',990,'2024-05-05 01:59:59'),
(92,2,2,'success',1000,'2024-05-05 02:59:59'),
(93,3,3,'pending',1010,'2024-05-05 03:59:59'),
(94,4,4,'success',1020,'2024-05-05 04:59:59'),
(95,5,5,'pending',1030,'2024-05-05 05:59:59'),
(96,6,6,'success',1040,'2024-05-05 06:59:59'),
(97,7,7,'pending',1050,'2024-05-05 07:59:59'),
(98,8,8,'success',1060,'2024-05-05 08:59:59'),
(99,9,9,'pending',1070,'2024-05-05 09:59:59'),
(100,10,10,'success',1080,'2024-05-05 10:59:59'),
(101,1,1,'pending',1090,'2024-05-05 11:59:59'),
(102,2,2,'success',1100,'2024-05-05 12:59:59'),
(103,3,3,'pending',1110,'2024-05-05 13:59:59'),
(104,4,4,'success',1120,'2024-05-05 14:59:59'),
(105,5,5,'pending',1130,'2024-05-05 15:59:59'),
(106,6,6,'success',1140,'2024-05-05 16:59:59'),
(107,7,7,'pending',1150,'2024-05-05 17:59:59'),
(108,8,8,'success',1160,'2024-05-05 18:59:59'),
(109,9,9,'pending',1170,'2024-05-05 19:59:59'),
(110,10,10,'success',1180,'2024-05-05 20:59:59'),
(111,1,1,'pending',1190,'2024-05-05 21:59:59'),
(112,2,2,'success',1200,'2024-05-05 22:59:59'),
(113,3,3,'pending',1210,'2024-05-05 23:59:59'),
(114,4,4,'success',1220,'2024-05-06 00:59:59'),
(115,5,5,'pending',1230,'2024-05-06 01:59:59'),
(116,6,6,'success',1240,'2024-05-06 02:59:59'),
(117,7,7,'pending',1250,'2024-05-06 03:59:59'),
(118,8,8,'success',1260,'2024-05-06 04:59:59'),
(119,9,9,'pending',1270,'2024-05-06 05:59:59'),
(120,10,10,'success',1280,'2024-05-06 06:59:59'),
(121,1,1,'pending',1290,'2024-05-06 07:59:59'),
(122,2,2,'success',1300,'2024-05-06 08:59:59'),
(123,3,3,'pending',1310,'2024-05-06 09:59:59'),
(124,4,4,'success',1320,'2024-05-06 10:59:59'),
(125,5,5,'pending',1330,'2024-05-06 11:59:59'),
(126,6,6,'success',1340,'2024-05-06 12:59:59'),
(127,7,7,'pending',1350,'2024-05-06 13:59:59'),
(128,8,8,'success',1360,'2024-05-06 14:59:59'),
(129,9,9,'pending',1370,'2024-05-06 15:59:59'),
(130,10,10,'success',1380,'2024-05-06 16:59:59'),
(131,1,1,'pending',1390,'2024-05-06 17:59:59'),
(132,2,2,'success',1400,'2024-05-06 18:59:59'),
(133,3,3,'pending',1410,'2024-05-06 19:59:59'),
(134,4,4,'success',1420,'2024-05-06 20:59:59'),
(135,5,5,'pending',1430,'2024-05-06 21:59:59'),
(136,6,6,'success',1440,'2024-05-06 22:59:59'),
(137,7,7,'pending',1450,'2024-05-06 23:59:59'),
(138,8,8,'success',1460,'2024-05-07 00:59:59'),
(139,9,9,'pending',1470,'2024-05-07 01:59:59'),
(140,10,10,'success',1480,'2024-05-07 02:59:59'),
(141,1,1,'pending',1490,'2024-05-07 03:59:59'),
(142,2,2,'success',1500,'2024-05-07 04:59:59'),
(143,3,3,'pending',1510,'2024-05-07 05:59:59'),
(144,4,4,'success',1520,'2024-05-07 06:59:59'),
(145,5,5,'pending',1530,'2024-05-07 07:59:59'),
(146,6,6,'success',1540,'2024-05-07 08:59:59'),
(147,7,7,'pending',1550,'2024-05-07 09:59:59'),
(148,8,8,'success',1560,'2024-05-07 10:59:59'),
(149,9,9,'pending',1570,'2024-05-07 11:59:59'),
(150,10,10,'success',1580,'2024-05-07 12:59:59'),
(151,1,1,'pending',1590,'2024-05-07 13:59:59'),
(152,2,2,'success',1600,'2024-05-07 14:59:59'),
(153,3,3,'pending',1610,'2024-05-07 15:59:59'),
(154,4,4,'success',1620,'2024-05-07 16:59:59'),
(155,5,5,'pending',1630,'2024-05-07 17:59:59'),
(156,6,6,'success',1640,'2024-05-07 18:59:59'),
(157,7,7,'pending',1650,'2024-05-07 19:59:59'),
(158,8,8,'success',1660,'2024-05-07 20:59:59'),
(159,9,9,'pending',1670,'2024-05-07 21:59:59'),
(160,10,10,'success',1680,'2024-05-07 22:59:59'),
(161,1,1,'pending',1690,'2024-05-07 23:59:59'),
(162,2,2,'success',1700,'2024-05-08 00:59:59'),
(163,3,3,'pending',1710,'2024-05-08 01:59:59'),
(164,4,4,'success',1720,'2024-05-08 02:59:59'),
(165,5,5,'pending',1730,'2024-05-08 03:59:59'),
(166,6,6,'success',1740,'2024-05-08 04:59:59'),
(167,7,7,'pending',1750,'2024-05-08 05:59:59'),
(168,8,8,'success',1760,'2024-05-08 06:59:59'),
(169,9,9,'pending',1770,'2024-05-08 07:59:59'),
(170,10,10,'success',1780,'2024-05-08 08:59:59'),
(171,1,1,'pending',1790,'2024-05-08 09:59:59'),
(172,2,2,'success',1800,'2024-05-08 10:59:59'),
(173,3,3,'pending',1810,'2024-05-08 11:59:59'),
(174,4,4,'success',1820,'2024-05-08 12:59:59'),
(175,5,5,'pending',1830,'2024-05-08 13:59:59'),
(176,6,6,'success',1840,'2024-05-08 14:59:59'),
(177,7,7,'pending',1850,'2024-05-08 15:59:59'),
(178,8,8,'success',1860,'2024-05-08 16:59:59'),
(179,9,9,'pending',1870,'2024-05-08 17:59:59'),
(180,10,10,'success',1880,'2024-05-08 18:59:59'),
(181,1,1,'pending',1890,'2024-05-08 19:59:59'),
(182,2,2,'success',1900,'2024-05-08 20:59:59'),
(183,3,3,'pending',1910,'2024-05-08 21:59:59'),
(184,4,4,'success',1920,'2024-05-08 22:59:59'),
(185,5,5,'pending',1930,'2024-05-08 23:59:59'),
(186,6,6,'success',1940,'2024-05-09 00:59:59'),
(187,7,7,'pending',1950,'2024-05-09 01:59:59'),
(188,8,8,'success',1960,'2024-05-09 02:59:59'),
(189,9,9,'pending',1970,'2024-05-09 03:59:59'),
(190,10,10,'success',1980,'2024-05-09 04:59:59'),
(191,1,1,'pending',1990,'2024-05-09 05:59:59'),
(192,2,2,'success',2000,'2024-05-09 06:59:59'),
(193,3,3,'pending',2010,'2024-05-09 07:59:59'),
(194,4,4,'success',2020,'2024-05-09 08:59:59'),
(195,5,5,'pending',2030,'2024-05-09 09:59:59'),
(196,6,6,'success',2040,'2024-05-09 10:59:59'),
(197,7,7,'pending',2050,'2024-05-09 11:59:59'),
(198,8,8,'success',2060,'2024-05-09 12:59:59'),
(199,9,9,'pending',2070,'2024-05-09 13:59:59'),
(200,10,10,'success',2080,'2024-05-09 14:59:59'),
(201,1,1,'pending',2090,'2024-05-09 15:59:59'),
(202,2,2,'success',2100,'2024-05-09 16:59:59'),
(203,3,3,'pending',2110,'2024-05-09 17:59:59'),
(204,4,4,'success',2120,'2024-05-09 18:59:59'),
(205,5,5,'pending',2130,'2024-05-09 19:59:59'),
(206,6,6,'success',2140,'2024-05-09 20:59:59'),
(207,7,7,'pending',2150,'2024-05-09 21:59:59'),
(208,8,8,'success',2160,'2024-05-09 22:59:59'),
(209,9,9,'pending',2170,'2024-05-09 23:59:59'),
(210,10,10,'success',2180,'2024-05-10 00:59:59'),
(211,1,1,'pending',2190,'2024-05-10 01:59:59'),
(212,2,2,'success',2200,'2024-05-10 02:59:59'),
(213,3,3,'pending',2210,'2024-05-10 03:59:59'),
(214,4,4,'success',2220,'2024-05-10 04:59:59'),
(215,5,5,'pending',2230,'2024-05-10 05:59:59'),
(216,6,6,'success',2240,'2024-05-10 06:59:59'),
(217,7,7,'pending',2250,'2024-05-10 07:59:59'),
(218,8,8,'success',2260,'2024-05-10 08:59:59'),
(219,9,9,'pending',2270,'2024-05-10 09:59:59'),
(220,10,10,'success',2280,'2024-05-10 10:59:59'),
(221,1,1,'pending',2290,'2024-05-10 11:59:59'),
(222,2,2,'success',2300,'2024-05-10 12:59:59'),
(223,3,3,'pending',2310,'2024-05-10 13:59:59'),
(224,4,4,'success',2320,'2024-05-10 14:59:59'),
(225,5,5,'pending',2330,'2024-05-10 15:59:59'),
(226,6,6,'success',2340,'2024-05-10 16:59:59'),
(227,7,7,'pending',2350,'2024-05-10 17:59:59'),
(228,8,8,'success',2360,'2024-05-10 18:59:59'),
(229,9,9,'pending',2370,'2024-05-10 19:59:59'),
(230,10,10,'success',2380,'2024-05-10 20:59:59'),
(231,1,1,'pending',2390,'2024-05-10 21:59:59'),
(232,2,2,'success',2400,'2024-05-10 22:59:59'),
(233,3,3,'pending',2410,'2024-05-10 23:59:59'),
(234,4,4,'success',2420,'2024-05-11 00:59:59'),
(235,5,5,'pending',2430,'2024-05-11 01:59:59'),
(236,6,6,'success',2440,'2024-05-11 02:59:59'),
(237,7,7,'pending',2450,'2024-05-11 03:59:59'),
(238,8,8,'success',2460,'2024-05-11 04:59:59'),
(239,9,9,'pending',2470,'2024-05-11 05:59:59'),
(240,10,10,'success',2480,'2024-05-11 06:59:59'),
(241,1,1,'pending',2490,'2024-05-11 07:59:59'),
(242,2,2,'success',2500,'2024-05-11 08:59:59'),
(243,3,3,'pending',2510,'2024-05-11 09:59:59'),
(244,4,4,'success',2520,'2024-05-11 10:59:59'),
(245,5,5,'pending',2530,'2024-05-11 11:59:59'),
(246,6,6,'success',2540,'2024-05-11 12:59:59'),
(247,7,7,'pending',2550,'2024-05-11 13:59:59'),
(248,8,8,'success',2560,'2024-05-11 14:59:59'),
(249,9,9,'pending',2570,'2024-05-11 15:59:59'),
(250,10,10,'success',2580,'2024-05-11 16:59:59'),
(251,1,1,'pending',2590,'2024-05-11 17:59:59'),
(252,2,2,'success',2600,'2024-05-11 18:59:59'),
(253,3,3,'pending',2610,'2024-05-11 19:59:59'),
(254,4,4,'success',2620,'2024-05-11 20:59:59'),
(255,5,5,'pending',2630,'2024-05-11 21:59:59'),
(256,6,6,'success',2640,'2024-05-11 22:59:59'),
(257,7,7,'pending',2650,'2024-05-11 23:59:59'),
(258,8,8,'success',2660,'2024-05-12 00:59:59'),
(259,9,9,'pending',2670,'2024-05-12 01:59:59'),
(260,10,10,'success',2680,'2024-05-12 02:59:59'),
(261,1,1,'pending',2690,'2024-05-12 03:59:59'),
(262,2,2,'success',2700,'2024-05-12 04:59:59'),
(263,3,3,'pending',2710,'2024-05-12 05:59:59'),
(264,4,4,'success',2720,'2024-05-12 06:59:59'),
(265,5,5,'pending',2730,'2024-05-12 07:59:59'),
(266,6,6,'success',2740,'2024-05-12 08:59:59'),
(267,7,7,'pending',2750,'2024-05-12 09:59:59'),
(268,8,8,'success',2760,'2024-05-12 10:59:59'),
(269,9,9,'pending',2770,'2024-05-12 11:59:59'),
(270,10,10,'success',2780,'2024-05-12 12:59:59'),
(271,1,1,'pending',2790,'2024-05-12 13:59:59'),
(272,2,2,'success',2800,'2024-05-12 14:59:59'),
(273,3,3,'pending',2810,'2024-05-12 15:59:59'),
(274,4,4,'success',2820,'2024-05-12 16:59:59'),
(275,5,5,'pending',2830,'2024-05-12 17:59:59'),
(276,6,6,'success',2840,'2024-05-12 18:59:59'),
(277,7,7,'pending',2850,'2024-05-12 19:59:59'),
(278,8,8,'success',2860,'2024-05-12 20:59:59'),
(279,9,9,'pending',2870,'2024-05-12 21:59:59'),
(280,10,10,'success',2880,'2024-05-12 22:59:59'),
(281,1,1,'pending',2890,'2024-05-12 23:59:59'),
(282,2,2,'success',2900,'2024-05-13 00:59:59'),
(283,3,3,'pending',2910,'2024-05-13 01:59:59'),
(284,4,4,'success',2920,'2024-05-13 02:59:59'),
(285,5,5,'pending',2930,'2024-05-13 03:59:59'),
(286,6,6,'success',2940,'2024-05-13 04:59:59'),
(287,7,7,'pending',2950,'2024-05-13 05:59:59'),
(288,8,8,'success',2960,'2024-05-13 06:59:59'),
(289,9,9,'pending',2970,'2024-05-13 07:59:59'),
(290,10,10,'success',2980,'2024-05-13 08:59:59'),
(291,1,1,'pending',2990,'2024-05-13 09:59:59'),
(292,2,2,'success',3000,'2024-05-13 10:59:59'),
(293,3,3,'pending',3010,'2024-05-13 11:59:59'),
(294,4,4,'success',3020,'2024-05-13 12:59:59'),
(295,5,5,'pending',3030,'2024-05-13 13:59:59'),
(296,6,6,'success',3040,'2024-05-13 14:59:59'),
(297,7,7,'pending',3050,'2024-05-13 15:59:59'),
(298,8,8,'success',3060,'2024-05-13 16:59:59'),
(299,9,9,'pending',3070,'2024-05-13 17:59:59'),
(300,10,10,'success',3080,'2024-05-13 18:59:59'),
(301,1,1,'pending',3090,'2024-05-13 19:59:59'),
(302,2,2,'success',3100,'2024-05-13 20:59:59'),
(303,3,3,'pending',3110,'2024-05-13 21:59:59'),
(304,4,4,'success',3120,'2024-05-13 22:59:59'),
(305,5,5,'pending',3130,'2024-05-13 23:59:59'),
(306,6,6,'success',3140,'2024-05-14 00:59:59'),
(307,7,7,'pending',3150,'2024-05-14 01:59:59'),
(308,8,8,'success',3160,'2024-05-14 02:59:59'),
(309,9,9,'pending',3170,'2024-05-14 03:59:59'),
(310,10,10,'success',3180,'2024-05-14 04:59:59'),
(311,1,1,'pending',3190,'2024-05-14 05:59:59'),
(312,2,2,'success',3200,'2024-05-14 06:59:59'),
(313,3,3,'pending',3210,'2024-05-14 07:59:59'),
(314,4,4,'success',3220,'2024-05-14 08:59:59'),
(315,5,5,'pending',3230,'2024-05-14 09:59:59'),
(316,6,6,'success',3240,'2024-05-14 10:59:59'),
(317,7,7,'pending',3250,'2024-05-14 11:59:59'),
(318,8,8,'success',3260,'2024-05-14 12:59:59'),
(319,9,9,'pending',3270,'2024-05-14 13:59:59'),
(320,10,10,'success',3280,'2024-05-14 14:59:59'),
(321,1,1,'pending',3290,'2024-05-14 15:59:59'),
(322,2,2,'success',3300,'2024-05-14 16:59:59'),
(323,3,3,'pending',3310,'2024-05-14 17:59:59'),
(324,4,4,'success',3320,'2024-05-14 18:59:59'),
(325,5,5,'pending',3330,'2024-05-14 19:59:59'),
(326,6,6,'success',3340,'2024-05-14 20:59:59'),
(327,7,7,'pending',3350,'2024-05-14 21:59:59'),
(328,8,8,'success',3360,'2024-05-14 22:59:59'),
(329,9,9,'pending',3370,'2024-05-14 23:59:59'),
(330,10,10,'success',3380,'2024-05-15 00:59:59'),
(331,1,1,'pending',3390,'2024-05-15 01:59:59'),
(332,2,2,'success',3400,'2024-05-15 02:59:59'),
(333,3,3,'pending',3410,'2024-05-15 03:59:59'),
(334,4,4,'success',3420,'2024-05-15 04:59:59'),
(335,5,5,'pending',3430,'2024-05-15 05:59:59'),
(336,6,6,'success',3440,'2024-05-15 06:59:59'),
(337,7,7,'pending',3450,'2024-05-15 07:59:59'),
(338,8,8,'success',3460,'2024-05-15 08:59:59'),
(339,9,9,'pending',3470,'2024-05-15 09:59:59'),
(340,10,10,'success',3480,'2024-05-15 10:59:59'),
(341,1,1,'pending',3490,'2024-05-15 11:59:59'),
(342,2,2,'success',3500,'2024-05-15 12:59:59'),
(343,3,3,'pending',3510,'2024-05-15 13:59:59'),
(344,4,4,'success',3520,'2024-05-15 14:59:59'),
(345,5,5,'pending',3530,'2024-05-15 15:59:59'),
(346,6,6,'success',3540,'2024-05-15 16:59:59'),
(347,7,7,'pending',3550,'2024-05-15 17:59:59'),
(348,8,8,'success',3560,'2024-05-15 18:59:59'),
(349,9,9,'pending',3570,'2024-05-15 19:59:59'),
(350,10,10,'success',3580,'2024-05-15 20:59:59'),
(351,1,1,'pending',3590,'2024-05-15 21:59:59'),
(352,2,2,'success',3600,'2024-05-15 22:59:59'),
(353,3,3,'pending',3610,'2024-05-15 23:59:59'),
(354,4,4,'success',3620,'2024-05-16 00:59:59'),
(355,5,5,'pending',3630,'2024-05-16 01:59:59'),
(356,6,6,'success',3640,'2024-05-16 02:59:59'),
(357,7,7,'pending',3650,'2024-05-16 03:59:59'),
(358,8,8,'success',3660,'2024-05-16 04:59:59'),
(359,9,9,'pending',3670,'2024-05-16 05:59:59'),
(360,10,10,'success',3680,'2024-05-16 06:59:59'),
(361,1,1,'pending',3690,'2024-05-16 07:59:59'),
(362,2,2,'success',3700,'2024-05-16 08:59:59'),
(363,3,3,'pending',3710,'2024-05-16 09:59:59'),
(364,4,4,'success',3720,'2024-05-16 10:59:59'),
(365,5,5,'pending',3730,'2024-05-16 11:59:59'),
(366,6,6,'success',3740,'2024-05-16 12:59:59'),
(367,7,7,'pending',3750,'2024-05-16 13:59:59'),
(368,8,8,'success',3760,'2024-05-16 14:59:59'),
(369,9,9,'pending',3770,'2024-05-16 15:59:59'),
(370,10,10,'success',3780,'2024-05-16 16:59:59'),
(371,1,1,'pending',3790,'2024-05-16 17:59:59'),
(372,2,2,'success',3800,'2024-05-16 18:59:59'),
(373,3,3,'pending',3810,'2024-05-16 19:59:59'),
(374,4,4,'success',3820,'2024-05-16 20:59:59'),
(375,5,5,'pending',3830,'2024-05-16 21:59:59'),
(376,6,6,'success',3840,'2024-05-16 22:59:59'),
(377,7,7,'pending',3850,'2024-05-16 23:59:59'),
(378,8,8,'success',3860,'2024-05-17 00:59:59'),
(379,9,9,'pending',3870,'2024-05-17 01:59:59'),
(380,10,10,'success',3880,'2024-05-17 02:59:59'),
(381,1,1,'pending',3890,'2024-05-17 03:59:59'),
(382,2,2,'success',3900,'2024-05-17 04:59:59'),
(383,3,3,'pending',3910,'2024-05-17 05:59:59'),
(384,4,4,'success',3920,'2024-05-17 06:59:59'),
(385,5,5,'pending',3930,'2024-05-17 07:59:59'),
(386,6,6,'success',3940,'2024-05-17 08:59:59'),
(387,7,7,'pending',3950,'2024-05-17 09:59:59'),
(388,8,8,'success',3960,'2024-05-17 10:59:59'),
(389,9,9,'pending',3970,'2024-05-17 11:59:59'),
(390,10,10,'success',3980,'2024-05-17 12:59:59'),
(391,1,1,'pending',3990,'2024-05-17 13:59:59'),
(392,2,2,'success',4000,'2024-05-17 14:59:59'),
(393,3,3,'pending',4010,'2024-05-17 15:59:59'),
(394,4,4,'success',4020,'2024-05-17 16:59:59'),
(395,5,5,'pending',4030,'2024-05-17 17:59:59'),
(396,6,6,'success',4040,'2024-05-17 18:59:59'),
(397,7,7,'pending',4050,'2024-05-17 19:59:59'),
(398,8,8,'success',4060,'2024-05-17 20:59:59'),
(399,9,9,'pending',4070,'2024-05-17 21:59:59'),
(400,10,10,'success',4080,'2024-05-17 22:59:59'),
(401,1,1,'pending',4090,'2024-05-17 23:59:59'),
(402,2,2,'success',4100,'2024-05-18 00:59:59'),
(403,3,3,'pending',4110,'2024-05-18 01:59:59'),
(404,4,4,'success',4120,'2024-05-18 02:59:59'),
(405,5,5,'pending',4130,'2024-05-18 03:59:59'),
(406,6,6,'success',4140,'2024-05-18 04:59:59'),
(407,7,7,'pending',4150,'2024-05-18 05:59:59'),
(408,8,8,'success',4160,'2024-05-18 06:59:59'),
(409,9,9,'pending',4170,'2024-05-18 07:59:59'),
(410,10,10,'success',4180,'2024-05-18 08:59:59'),
(411,1,1,'pending',4190,'2024-05-18 09:59:59'),
(412,2,2,'success',4200,'2024-05-18 10:59:59'),
(413,3,3,'pending',4210,'2024-05-18 11:59:59'),
(414,4,4,'success',4220,'2024-05-18 12:59:59'),
(415,5,5,'pending',4230,'2024-05-18 13:59:59'),
(416,6,6,'success',4240,'2024-05-18 14:59:59'),
(417,7,7,'pending',4250,'2024-05-18 15:59:59'),
(418,8,8,'success',4260,'2024-05-18 16:59:59'),
(419,9,9,'pending',4270,'2024-05-18 17:59:59'),
(420,10,10,'success',4280,'2024-05-18 18:59:59'),
(421,1,1,'pending',4290,'2024-05-18 19:59:59'),
(422,2,2,'success',4300,'2024-05-18 20:59:59'),
(423,3,3,'pending',4310,'2024-05-18 21:59:59'),
(424,4,4,'success',4320,'2024-05-18 22:59:59'),
(425,5,5,'pending',4330,'2024-05-18 23:59:59'),
(426,6,6,'success',4340,'2024-05-19 00:59:59'),
(427,7,7,'pending',4350,'2024-05-19 01:59:59'),
(428,8,8,'success',4360,'2024-05-19 02:59:59'),
(429,9,9,'pending',4370,'2024-05-19 03:59:59'),
(430,10,10,'success',4380,'2024-05-19 04:59:59'),
(431,1,1,'pending',4390,'2024-05-19 05:59:59'),
(432,2,2,'success',4400,'2024-05-19 06:59:59'),
(433,3,3,'pending',4410,'2024-05-19 07:59:59'),
(434,4,4,'success',4420,'2024-05-19 08:59:59'),
(435,5,5,'pending',4430,'2024-05-19 09:59:59'),
(436,6,6,'success',4440,'2024-05-19 10:59:59'),
(437,7,7,'pending',4450,'2024-05-19 11:59:59'),
(438,8,8,'success',4460,'2024-05-19 12:59:59'),
(439,9,9,'pending',4470,'2024-05-19 13:59:59'),
(440,10,10,'success',4480,'2024-05-19 14:59:59'),
(441,1,1,'pending',4490,'2024-05-19 15:59:59'),
(442,2,2,'success',4500,'2024-05-19 16:59:59'),
(443,3,3,'pending',4510,'2024-05-19 17:59:59'),
(444,4,4,'success',4520,'2024-05-19 18:59:59'),
(445,5,5,'pending',4530,'2024-05-19 19:59:59'),
(446,6,6,'success',4540,'2024-05-19 20:59:59'),
(447,7,7,'pending',4550,'2024-05-19 21:59:59'),
(448,8,8,'success',4560,'2024-05-19 22:59:59'),
(449,9,9,'pending',4570,'2024-05-19 23:59:59'),
(450,10,10,'success',4580,'2024-05-20 00:59:59'),
(451,1,1,'pending',4590,'2024-05-20 01:59:59'),
(452,2,2,'success',4600,'2024-05-20 02:59:59'),
(453,3,3,'pending',4610,'2024-05-20 03:59:59'),
(454,4,4,'success',4620,'2024-05-20 04:59:59'),
(455,5,5,'pending',4630,'2024-05-20 05:59:59'),
(456,6,6,'success',4640,'2024-05-20 06:59:59'),
(457,7,7,'pending',4650,'2024-05-20 07:59:59'),
(458,8,8,'success',4660,'2024-05-20 08:59:59'),
(459,9,9,'pending',4670,'2024-05-20 09:59:59'),
(460,10,10,'success',4680,'2024-05-20 10:59:59'),
(461,1,1,'pending',4690,'2024-05-20 11:59:59'),
(462,2,2,'success',4700,'2024-05-20 12:59:59'),
(463,3,3,'pending',4710,'2024-05-20 13:59:59'),
(464,4,4,'success',4720,'2024-05-20 14:59:59'),
(465,5,5,'pending',4730,'2024-05-20 15:59:59'),
(466,6,6,'success',4740,'2024-05-20 16:59:59'),
(467,7,7,'pending',4750,'2024-05-20 17:59:59'),
(468,8,8,'success',4760,'2024-05-20 18:59:59'),
(469,9,9,'pending',4770,'2024-05-20 19:59:59'),
(470,10,10,'success',4780,'2024-05-20 20:59:59'),
(471,1,1,'pending',4790,'2024-05-20 21:59:59'),
(472,2,2,'success',4800,'2024-05-20 22:59:59'),
(473,3,3,'pending',4810,'2024-05-20 23:59:59'),
(474,4,4,'success',4820,'2024-05-21 00:59:59'),
(475,5,5,'pending',4830,'2024-05-21 01:59:59'),
(476,6,6,'success',4840,'2024-05-21 02:59:59'),
(477,7,7,'pending',4850,'2024-05-21 03:59:59'),
(478,8,8,'success',4860,'2024-05-21 04:59:59'),
(479,9,9,'pending',4870,'2024-05-21 05:59:59'),
(480,10,10,'success',4880,'2024-05-21 06:59:59'),
(481,1,1,'pending',4890,'2024-05-21 07:59:59'),
(482,2,2,'success',4900,'2024-05-21 08:59:59'),
(483,3,3,'pending',4910,'2024-05-21 09:59:59'),
(484,4,4,'success',4920,'2024-05-21 10:59:59'),
(485,5,5,'pending',4930,'2024-05-21 11:59:59'),
(486,6,6,'success',4940,'2024-05-21 12:59:59'),
(487,7,7,'pending',4950,'2024-05-21 13:59:59'),
(488,8,8,'success',4960,'2024-05-21 14:59:59'),
(489,9,9,'pending',4970,'2024-05-21 15:59:59'),
(490,10,10,'success',4980,'2024-05-21 16:59:59'),
(491,1,1,'pending',4990,'2024-05-21 17:59:59'),
(492,2,2,'success',5000,'2024-05-21 18:59:59'),
(493,3,3,'pending',5010,'2024-05-21 19:59:59'),
(494,4,4,'success',5020,'2024-05-21 20:59:59'),
(495,5,5,'pending',5030,'2024-05-21 21:59:59'),
(496,6,6,'success',5040,'2024-05-21 22:59:59'),
(497,7,7,'pending',5050,'2024-05-21 23:59:59'),
(498,8,8,'success',5060,'2024-05-22 00:59:59'),
(499,9,9,'pending',5070,'2024-05-22 01:59:59'),
(500,10,10,'success',5080,'2024-05-22 02:59:59');

/*Table structure for table `supplier` */

DROP TABLE IF EXISTS `supplier`;

CREATE TABLE `supplier` (
  `id_supplier` int(11) NOT NULL AUTO_INCREMENT,
  `nama` varchar(50) DEFAULT NULL,
  `alamat` varchar(100) DEFAULT NULL,
  `email` varchar(50) DEFAULT NULL,
  `tgl_masuk` date DEFAULT NULL,
  `created_at` datetime DEFAULT current_timestamp(),
  `updated_at` datetime DEFAULT NULL,
  PRIMARY KEY (`id_supplier`)
) ENGINE=InnoDB AUTO_INCREMENT=11 DEFAULT CHARSET=utf8mb4 COLLATE=utf8mb4_general_ci;

/*Data for the table `supplier` */

insert  into `supplier`(`id_supplier`,`nama`,`alamat`,`email`,`tgl_masuk`,`created_at`,`updated_at`) values 
(1,'Supplier A','Jl. Pangeran Antasari No. 123',NULL,'2023-01-01','2024-05-01 00:00:00',NULL),
(2,'Supplier B','Jl. Gatot Subroto No. 456',NULL,'2023-02-05','2024-05-01 00:00:00',NULL),
(3,'Supplier C','Jl. Diponegoro No. 789',NULL,'2023-03-10','2024-05-01 00:00:00',NULL),
(4,'Supplier D','Jl. Kaliurang No. 1011',NULL,'2023-04-15','2024-05-01 00:00:00',NULL),
(5,'Supplier E','Jl. Soekarno-Hatta No. 1213',NULL,'2023-05-20','2024-05-01 00:00:00',NULL),
(6,'Supplier F','Jl. Jendral Sudirman No. 1415',NULL,'2023-06-25','2024-05-01 00:00:00',NULL),
(7,'Supplier G','Jl. Thamrin No. 1617',NULL,'2023-07-30','2024-05-01 00:00:00',NULL),
(8,'Supplier H','Jl. Asia Afrika No. 1819',NULL,'2023-08-01','2024-05-01 00:00:00',NULL),
(9,'Supplier I','Jl. HR Rasuna Said No. 2021',NULL,'2023-09-05','2024-05-01 00:00:00',NULL),
(10,'Supplier J','Jl. Imam Bonjol No. 2223',NULL,'2023-10-10','2024-05-01 00:00:00',NULL);

/*!40101 SET SQL_MODE=@OLD_SQL_MODE */;
/*!40014 SET FOREIGN_KEY_CHECKS=@OLD_FOREIGN_KEY_CHECKS */;
/*!40014 SET UNIQUE_CHECKS=@OLD_UNIQUE_CHECKS */;
/*!40111 SET SQL_NOTES=@OLD_SQL_NOTES */;
